Sample,word_ID_full,topic
141,45,2-2-1-1
141,59,2-2-1-1
141,60,2-2-1-1
141,61,2-2-1-1
141,62,2-2-1-1
141,65,2-2-1-1
141,68,2-2-1-1
141,70,2-2-1-1
141,71,2-2-1-1
141,72,2-2-1-1
141,81,2-2-1-1
141,86,2-2-1-1
141,87,2-2-1-1
141,88,2-2-1-1
141,90,2-2-1-1
141,98,2-2-1-1
141,106,2-2-1-1
141,107,2-2-1-1
141,108,2-2-1-1
141,119,4-1-1-1
141,131,2-2-1-1
141,146,2-2-1-1
141,148,2-2-1-1
141,152,3-2-1-1
141,155,2-2-1-1
141,156,2-2-1-1
141,169,2-2-1-1
141,174,2-2-1-1
141,175,2-2-1-1
141,178,2-2-1-1
141,191,2-2-1-1
141,202,3-2-1-1
141,204,3-2-1-1
141,205,2-2-1-1
141,208,2-2-1-1
141,209,3-2-1-1
141,222,2-2-1-1
141,224,2-2-1-1
141,242,2-2-1-1
141,245,2-2-1-1
141,256,2-2-1-1
141,264,2-2-1-1
141,265,2-2-1-1
141,268,3-2-1-1
141,271,3-2-1-1
141,282,3-2-1-1
141,307,2-2-1-1
141,325,2-2-1-1
141,336,2-2-1-1
141,343,2-2-1-1
141,371,2-2-1-1
141,378,1-1-1-1
141,380,2-2-1-1
141,386,2-2-1-1
141,387,2-2-1-1
141,393,2-2-1-1
141,396,2-2-1-1
141,400,2-2-1-1
141,406,2-2-1-1
141,410,2-2-1-1
141,411,2-2-1-1
141,416,2-2-1-1
141,418,2-2-1-1
141,420,2-2-1-1
141,421,2-2-1-1
141,422,2-2-1-1
141,423,2-2-1-1
141,425,2-2-1-1
141,429,2-2-1-1
141,469,1-1-1-1
141,470,2-2-1-1
141,474,3-2-1-1
141,477,2-2-1-1
141,478,2-2-1-1
141,481,2-2-1-1
141,486,2-2-1-1
141,488,2-2-1-1
141,499,2-2-1-1
141,505,2-2-1-1
141,509,3-2-1-1
141,511,2-2-1-1
141,513,3-2-1-1
141,526,2-2-1-1
141,529,2-2-1-1
141,531,2-2-1-1
141,537,2-2-1-1
141,541,2-2-1-1
141,543,2-2-1-1
141,544,2-2-1-1
141,552,2-2-1-1
141,557,2-2-1-1
141,566,2-2-1-1
141,573,2-2-1-1
141,580,2-2-1-1
141,593,2-2-1-1
141,597,2-2-1-1
141,603,2-2-1-1
141,613,2-2-1-1
141,615,2-2-1-1
141,616,2-2-1-1
141,618,2-2-1-1
141,629,2-2-1-1
141,631,2-2-1-1
141,633,2-2-1-1
141,649,2-2-1-1
141,656,2-2-1-1
141,667,2-2-1-1
141,669,2-2-1-1
141,670,2-2-1-1
141,677,2-2-1-1
141,681,3-2-1-1
141,685,2-2-1-1
141,696,3-2-1-1
141,704,2-2-1-1
141,717,2-2-1-1
141,718,2-2-1-1
141,722,2-2-1-1
141,732,2-2-1-1
141,737,2-2-1-1
141,738,2-2-1-1
141,756,2-2-1-1
141,764,2-2-1-1
141,766,2-2-1-1
141,776,2-2-1-1
141,779,3-2-1-1
141,781,2-2-1-1
141,783,2-2-1-1
141,796,2-2-1-1
141,797,2-2-1-1
141,808,2-2-1-1
141,809,2-2-1-1
141,813,2-2-1-1
141,819,2-2-1-1
141,820,2-2-1-1
141,821,2-2-1-1
141,823,2-2-1-1
141,828,2-2-1-1
141,834,2-2-1-1
141,836,2-2-1-1
141,841,2-2-1-1
141,858,2-2-1-1
141,859,2-2-1-1
141,864,2-2-1-1
141,867,2-2-1-1
141,877,4-1-1-1
141,878,4-1-1-1
141,879,4-1-1-1
141,880,2-2-1-1
141,881,2-2-1-1
141,886,2-2-1-1
141,892,2-2-1-1
141,895,2-2-1-1
141,898,2-2-1-1
141,900,2-2-1-1
141,906,2-2-1-1
141,908,2-2-1-1
141,909,2-2-1-1
141,910,2-2-1-1
141,925,2-2-1-1
141,928,3-2-1-1
141,942,2-2-1-1
141,946,2-2-1-1
141,952,2-2-1-1
141,953,2-2-1-1
141,958,2-2-1-1
141,971,2-2-1-1
141,973,2-2-1-1
141,980,2-2-1-1
141,982,2-2-1-1
141,990,3-2-1-1
141,992,2-2-1-1
141,993,2-2-1-1
141,995,4-1-1-1
141,996,4-1-1-1
141,1004,2-2-1-1
141,1007,2-2-1-1
141,1012,2-2-1-1
141,1014,2-2-1-1
141,1027,2-2-1-1
141,1041,3-2-1-1
141,1045,2-2-1-1
141,1051,2-2-1-1
141,1052,2-2-1-1
141,1057,2-2-1-1
141,1060,2-2-1-1
141,1063,2-2-1-1
141,1073,3-2-1-1
141,1075,2-2-1-1
141,1106,2-2-1-1
141,1108,2-2-1-1
141,1113,2-2-1-1
141,1122,2-2-1-1
141,1123,2-2-1-1
141,1131,2-2-1-1
141,1135,2-2-1-1
141,1138,2-2-1-1
141,1140,2-2-1-1
141,1141,2-2-1-1
141,1146,2-2-1-1
141,1160,2-2-1-1
141,1164,2-2-1-1
141,1169,2-2-1-1
141,1171,2-2-1-1
141,1172,2-2-1-1
141,1174,2-2-1-1
141,1175,2-2-1-1
141,1176,2-2-1-1
141,1177,2-2-1-1
141,1179,2-2-1-1
141,1180,2-2-1-1
141,1184,2-2-1-1
141,1185,2-2-1-1
141,1189,2-2-1-1
141,1190,2-2-1-1
141,1192,2-2-1-1
141,1194,2-2-1-1
141,1204,2-2-1-1
141,1206,2-2-1-1
141,1210,2-2-1-1
141,1218,2-2-1-1
141,1228,2-2-1-1
141,1239,2-2-1-1
141,1260,2-2-1-1
141,1263,2-2-1-1
141,1264,2-2-1-1
141,1267,2-2-1-1
141,1269,2-2-1-1
141,1272,2-2-1-1
141,1273,2-2-1-1
141,1274,2-2-1-1
141,1276,2-2-1-1
141,1278,2-2-1-1
141,1279,2-2-1-1
141,1294,3-2-1-1
141,1295,2-2-1-1
141,1298,2-2-1-1
141,1304,2-2-1-1
141,1305,2-2-1-1
141,1307,2-2-1-1
141,1313,2-2-1-1
141,1316,2-2-1-1
141,1328,2-2-1-1
141,1332,2-2-1-1
141,1341,2-2-1-1
141,1343,2-2-1-1
141,1368,2-2-1-1
141,1369,2-2-1-1
141,1371,2-2-1-1
141,1374,3-2-1-1
141,1375,2-2-1-1
141,1379,2-2-1-1
141,1380,2-2-1-1
141,1389,1-1-1-1
141,1390,2-2-1-1
141,1397,2-2-1-1
141,1400,2-2-1-1
141,1401,2-2-1-1
141,1402,2-2-1-1
141,1405,2-2-1-1
141,1406,2-2-1-1
141,1408,2-2-1-1
141,1425,2-2-1-1
141,1437,2-2-1-1
141,1438,2-2-1-1
141,1440,2-2-1-1
141,1450,2-2-1-1
141,1458,2-2-1-1
141,1462,2-2-1-1
141,1465,3-2-1-1
141,1466,2-2-1-1
141,1469,2-2-1-1
141,1471,2-2-1-1
141,1472,2-2-1-1
141,1474,2-2-1-1
141,1475,2-2-1-1
141,1478,2-2-1-1
141,1480,2-2-1-1
141,1485,2-2-1-1
141,1487,2-2-1-1
141,1489,2-2-1-1
141,1490,2-2-1-1
141,1492,2-2-1-1
141,1494,2-2-1-1
141,1500,2-2-1-1
141,1515,2-2-1-1
141,1516,2-2-1-1
141,1518,2-2-1-1
141,1522,2-2-1-1
141,1524,2-2-1-1
141,1528,2-2-1-1
141,1538,2-2-1-1
141,1556,2-2-1-1
141,1571,3-2-1-1
141,1574,2-2-1-1
141,1580,2-2-1-1
141,1582,2-2-1-1
141,1583,2-2-1-1
141,1603,2-2-1-1
141,1608,2-2-1-1
141,1627,2-2-1-1
141,1632,2-2-1-1
141,1638,2-2-1-1
141,1640,2-2-1-1
141,1641,2-2-1-1
141,1643,2-2-1-1
141,1647,2-2-1-1
141,1649,2-2-1-1
141,1662,2-2-1-1
141,1664,2-2-1-1
141,1666,2-2-1-1
141,1668,2-2-1-1
141,1672,2-2-1-1
141,1679,2-2-1-1
141,1687,2-2-1-1
141,1695,3-2-1-1
141,1696,2-2-1-1
141,1697,2-2-1-1
141,1717,2-2-1-1
141,1720,2-2-1-1
141,1726,2-2-1-1
141,1728,2-2-1-1
141,1731,2-2-1-1
141,1735,2-2-1-1
141,1737,2-2-1-1
141,1739,2-2-1-1
141,1749,2-2-1-1
141,1765,2-2-1-1
141,1767,2-2-1-1
141,1768,2-2-1-1
141,1775,2-2-1-1
141,1776,2-2-1-1
141,1779,2-2-1-1
141,1785,2-2-1-1
141,1787,1-1-1-1
141,1788,2-2-1-1
141,1790,2-2-1-1
141,1796,2-2-1-1
141,1806,2-2-1-1
141,1807,2-2-1-1
141,1810,2-2-1-1
141,1816,2-2-1-1
141,1819,2-2-1-1
141,1830,2-2-1-1
141,1838,2-2-1-1
141,1840,2-2-1-1
141,1847,2-2-1-1
141,1850,2-2-1-1
141,1855,2-2-1-1
141,1857,2-2-1-1
141,1869,2-2-1-1
141,1870,2-2-1-1
141,1871,2-2-1-1
141,1873,2-2-1-1
141,1874,2-2-1-1
141,1876,2-2-1-1
141,1877,2-2-1-1
141,1878,2-2-1-1
141,1885,2-2-1-1
141,1888,2-2-1-1
141,1892,2-2-1-1
141,1897,2-2-1-1
141,1898,2-2-1-1
141,1900,2-2-1-1
141,1901,2-2-1-1
141,1903,2-2-1-1
141,1905,2-2-1-1
141,1912,2-2-1-1
141,1931,2-2-1-1
141,1934,2-2-1-1
141,1944,2-2-1-1
141,1945,2-2-1-1
141,1947,2-2-1-1
141,1954,2-2-1-1
141,1958,2-2-1-1
141,1963,2-2-1-1
141,1968,2-2-1-1
141,1975,2-2-1-1
141,1978,2-2-1-1
141,1982,2-2-1-1
141,1988,2-2-1-1
141,1989,2-2-1-1
141,1991,2-2-1-1
141,1992,2-2-1-1
141,2003,3-2-1-1
141,2008,2-2-1-1
141,2009,3-2-1-1
141,2014,2-2-1-1
141,2016,2-2-1-1
141,2025,2-2-1-1
141,2029,2-2-1-1
141,2033,2-2-1-1
141,2038,2-2-1-1
141,2039,2-2-1-1
141,2040,2-2-1-1
141,2048,2-2-1-1
141,2055,2-2-1-1
141,2065,2-2-1-1
141,2070,2-2-1-1
141,2076,2-2-1-1
141,2080,2-2-1-1
141,2083,2-2-1-1
141,2084,2-2-1-1
141,2087,2-2-1-1
141,2088,2-2-1-1
141,2093,2-2-1-1
141,2094,2-2-1-1
141,2095,2-2-1-1
141,2096,2-2-1-1
141,2097,2-2-1-1
141,2099,2-2-1-1
141,2124,2-2-1-1
141,2133,2-2-1-1
141,2136,2-2-1-1
141,2137,2-2-1-1
141,2139,2-2-1-1
141,2147,2-2-1-1
141,2150,2-2-1-1
141,2154,2-2-1-1
141,2158,2-2-1-1
141,2160,2-2-1-1
141,2162,2-2-1-1
141,2163,2-2-1-1
141,2166,2-2-1-1
141,2168,2-2-1-1
141,2169,2-2-1-1
141,2170,2-2-1-1
141,2175,2-2-1-1
141,2176,2-2-1-1
141,2179,2-2-1-1
141,2182,2-2-1-1
141,2183,2-2-1-1
141,2187,2-2-1-1
141,2188,2-2-1-1
141,2197,2-2-1-1
141,2208,2-2-1-1
141,2211,2-2-1-1
141,2219,2-2-1-1
141,2220,2-2-1-1
141,2223,2-2-1-1
141,2224,2-2-1-1
141,2225,2-2-1-1
141,2230,2-2-1-1
141,2231,2-2-1-1
141,2232,2-2-1-1
141,2235,2-2-1-1
141,2243,2-2-1-1
141,2247,2-2-1-1
141,2251,2-2-1-1
141,2253,2-2-1-1
141,2257,2-2-1-1
141,2258,2-2-1-1
141,2260,2-2-1-1
141,2262,2-2-1-1
141,2274,2-2-1-1
141,2275,2-2-1-1
141,2276,2-2-1-1
141,2277,2-2-1-1
141,2285,2-2-1-1
141,2287,2-2-1-1
141,2295,2-2-1-1
141,2299,2-2-1-1
141,2301,2-2-1-1
141,2303,2-2-1-1
141,2304,2-2-1-1
141,2305,2-2-1-1
141,2306,2-2-1-1
141,2309,2-2-1-1
141,2312,2-2-1-1
141,2313,2-2-1-1
141,2315,2-2-1-1
141,2318,2-2-1-1
141,2329,2-2-1-1
141,2333,2-2-1-1
141,2338,2-2-1-1
141,2339,2-2-1-1
141,2345,2-2-1-1
141,2349,2-2-1-1
141,2361,2-2-1-1
141,2366,2-2-1-1
141,2370,2-2-1-1
141,2378,2-2-1-1
141,2384,2-2-1-1
141,2391,2-2-1-1
141,2405,2-2-1-1
141,2410,2-2-1-1
141,2411,2-2-1-1
141,2420,2-2-1-1
141,2428,2-2-1-1
141,2437,2-2-1-1
141,2442,2-2-1-1
141,2447,2-2-1-1
141,2451,2-2-1-1
141,2459,2-2-1-1
141,2462,2-2-1-1
141,2466,2-2-1-1
141,2477,3-2-1-1
141,2480,2-2-1-1
141,2481,2-2-1-1
141,2482,3-2-1-1
141,2486,2-2-1-1
141,2490,2-2-1-1
141,2496,2-2-1-1
141,2501,2-2-1-1
141,2502,2-2-1-1
141,2508,2-2-1-1
141,2510,2-2-1-1
141,2523,2-2-1-1
141,2528,2-2-1-1
141,2529,2-2-1-1
141,2533,2-2-1-1
141,2535,2-2-1-1
141,2537,2-2-1-1
141,2542,2-2-1-1
141,2543,2-2-1-1
141,2544,4-1-1-1
141,2547,2-2-1-1
141,2551,2-2-1-1
141,2552,2-2-1-1
141,2553,2-2-1-1
141,2555,2-2-1-1
141,2558,2-2-1-1
141,2560,2-2-1-1
141,2567,2-2-1-1
141,2572,2-2-1-1
141,2573,2-2-1-1
141,2574,2-2-1-1
141,2583,2-2-1-1
141,2589,2-2-1-1
141,2591,2-2-1-1
141,2599,2-2-1-1
141,2600,3-2-1-1
141,2608,2-2-1-1
141,2609,2-2-1-1
141,2619,2-2-1-1
141,2620,2-2-1-1
141,2626,2-2-1-1
141,2628,2-2-1-1
141,2631,2-2-1-1
141,2632,2-2-1-1
141,2633,2-2-1-1
141,2637,2-2-1-1
141,2638,2-2-1-1
141,2645,2-2-1-1
141,2652,2-2-1-1
141,2653,2-2-1-1
141,2662,2-2-1-1
141,2665,2-2-1-1
141,2666,2-2-1-1
141,2669,2-2-1-1
141,2676,2-2-1-1
141,2688,2-2-1-1
141,2693,2-2-1-1
141,2697,2-2-1-1
141,2709,2-2-1-1
141,2726,2-2-1-1
141,2728,2-2-1-1
141,2729,2-2-1-1
141,2747,2-2-1-1
141,2756,2-2-1-1
141,2768,2-2-1-1
141,2773,2-2-1-1
141,2779,2-2-1-1
141,2782,2-2-1-1
141,2789,2-2-1-1
141,2790,2-2-1-1
141,2791,2-2-1-1
141,2795,2-2-1-1
141,2806,2-2-1-1
141,2819,2-2-1-1
141,2824,2-2-1-1
141,2826,2-2-1-1
141,2830,2-2-1-1
141,2832,2-2-1-1
141,2835,2-2-1-1
141,2840,2-2-1-1
141,2841,2-2-1-1
141,2843,2-2-1-1
141,2848,2-2-1-1
141,2849,2-2-1-1
141,2853,2-2-1-1
141,2871,2-2-1-1
141,2877,2-2-1-1
141,2881,2-2-1-1
141,2885,2-2-1-1
141,2909,2-2-1-1
141,2923,2-2-1-1
141,2926,2-2-1-1
141,2927,2-2-1-1
141,2928,2-2-1-1
141,2942,2-2-1-1
141,2944,2-2-1-1
141,2945,2-2-1-1
141,2946,2-2-1-1
141,2947,2-2-1-1
141,2949,2-2-1-1
141,2968,2-2-1-1
141,2974,2-2-1-1
141,2975,2-2-1-1
141,2979,2-2-1-1
141,2989,2-2-1-1
141,3007,2-2-1-1
141,3025,2-2-1-1
141,3027,2-2-1-1
141,3033,2-2-1-1
141,3036,2-2-1-1
141,3040,2-2-1-1
141,3045,2-2-1-1
141,3046,2-2-1-1
141,3047,2-2-1-1
141,3048,2-2-1-1
141,3053,2-2-1-1
141,3068,2-2-1-1
141,3070,2-2-1-1
141,3071,2-2-1-1
141,3072,2-2-1-1
141,3073,2-2-1-1
141,3081,2-2-1-1
141,3083,2-2-1-1
141,3084,2-2-1-1
141,3085,2-2-1-1
141,3086,2-2-1-1
141,3088,2-2-1-1
141,3095,2-2-1-1
141,3098,2-2-1-1
141,3099,2-2-1-1
141,3104,2-2-1-1
141,3105,2-2-1-1
141,3106,2-2-1-1
141,3114,2-2-1-1
141,3116,2-2-1-1
141,3120,2-2-1-1
141,3137,2-2-1-1
141,3138,2-2-1-1
141,3146,2-2-1-1
141,3147,2-2-1-1
141,3148,2-2-1-1
141,3151,2-2-1-1
141,3156,2-2-1-1
141,3159,2-2-1-1
141,3166,2-2-1-1
141,3168,3-2-1-1
141,3174,2-2-1-1
141,3182,2-2-1-1
141,3183,2-2-1-1
141,3184,2-2-1-1
141,3197,2-2-1-1
141,3203,2-2-1-1
141,3206,2-2-1-1
141,3210,2-2-1-1
141,3242,2-2-1-1
141,3251,2-2-1-1
141,3266,2-2-1-1
141,3268,2-2-1-1
141,3269,2-2-1-1
141,3270,2-2-1-1
141,3274,2-2-1-1
141,3283,2-2-1-1
141,3285,2-2-1-1
141,3286,2-2-1-1
141,3288,2-2-1-1
141,3291,2-2-1-1
141,3293,2-2-1-1
141,3300,2-2-1-1
141,3301,2-2-1-1
141,3305,2-2-1-1
141,3313,2-2-1-1
141,3315,2-2-1-1
141,3318,2-2-1-1
141,3319,2-2-1-1
141,3349,2-2-1-1
141,3357,2-2-1-1
141,3363,2-2-1-1
141,3365,2-2-1-1
141,3370,2-2-1-1
141,3376,2-2-1-1
141,3379,2-2-1-1
141,3386,2-2-1-1
141,3395,2-2-1-1
141,3396,2-2-1-1
141,3397,2-2-1-1
141,3398,2-2-1-1
141,3400,2-2-1-1
141,3401,2-2-1-1
141,3403,2-2-1-1
141,3404,2-2-1-1
141,3405,2-2-1-1
141,3409,2-2-1-1
141,3414,2-2-1-1
141,3415,2-2-1-1
141,3418,2-2-1-1
141,3430,2-2-1-1
141,3431,2-2-1-1
141,3432,2-2-1-1
141,3437,2-2-1-1
141,3441,2-2-1-1
141,3452,2-2-1-1
141,3454,2-2-1-1
141,3471,2-2-1-1
141,3475,2-2-1-1
141,3477,4-1-1-1
141,3479,2-2-1-1
141,3482,2-2-1-1
141,3483,2-2-1-1
141,3489,2-2-1-1
141,3491,2-2-1-1
141,3494,2-2-1-1
141,3499,2-2-1-1
141,3505,2-2-1-1
141,3507,2-2-1-1
141,3516,2-2-1-1
141,3517,2-2-1-1
141,3518,2-2-1-1
141,3519,2-2-1-1
141,3522,2-2-1-1
141,3523,2-2-1-1
141,3525,2-2-1-1
141,3526,2-2-1-1
141,3533,2-2-1-1
141,3537,2-2-1-1
141,3547,2-2-1-1
141,3552,2-2-1-1
141,3556,2-2-1-1
141,3557,2-2-1-1
141,3558,2-2-1-1
141,3567,2-2-1-1
141,3568,2-2-1-1
141,3571,2-2-1-1
141,3572,2-2-1-1
141,3573,2-2-1-1
141,3578,2-2-1-1
141,3580,2-2-1-1
141,3584,2-2-1-1
141,3599,3-2-1-1
141,3601,2-2-1-1
141,3605,2-2-1-1
141,3616,2-2-1-1
141,3617,2-2-1-1
141,3622,2-2-1-1
141,3628,2-2-1-1
141,3629,2-2-1-1
141,3631,2-2-1-1
141,3632,2-2-1-1
141,3637,2-2-1-1
141,3646,2-2-1-1
141,3647,2-2-1-1
141,3651,2-2-1-1
141,3655,2-2-1-1
141,3657,2-2-1-1
141,3660,2-2-1-1
141,3664,2-2-1-1
141,3668,3-2-1-1
141,3669,2-2-1-1
141,3673,2-2-1-1
141,3676,2-2-1-1
141,3692,2-2-1-1
141,3694,2-2-1-1
141,3699,2-2-1-1
141,3714,2-2-1-1
141,3718,2-2-1-1
141,3727,2-2-1-1
141,3735,2-2-1-1
141,3736,2-2-1-1
141,3738,2-2-1-1
141,3741,2-2-1-1
141,3748,2-2-1-1
141,3755,2-2-1-1
141,3756,2-2-1-1
141,3766,2-2-1-1
141,3767,2-2-1-1
141,3768,2-2-1-1
141,3770,2-2-1-1
141,3772,2-2-1-1
141,3773,2-2-1-1
141,3785,2-2-1-1
141,3788,2-2-1-1
141,3792,2-2-1-1
141,3799,2-2-1-1
141,3802,2-2-1-1
141,3810,2-2-1-1
141,3812,2-2-1-1
141,3816,2-2-1-1
141,3821,2-2-1-1
141,3827,2-2-1-1
141,3830,2-2-1-1
141,3838,2-2-1-1
141,3848,2-2-1-1
141,3850,2-2-1-1
141,3853,2-2-1-1
141,3854,2-2-1-1
141,3855,2-2-1-1
141,3868,3-2-1-1
141,3872,2-2-1-1
141,3887,2-2-1-1
141,3890,2-2-1-1
141,3893,2-2-1-1
141,3897,2-2-1-1
141,3903,2-2-1-1
141,3914,2-2-1-1
141,3918,2-2-1-1
141,3921,2-2-1-1
141,3922,2-2-1-1
141,3924,2-2-1-1
141,3928,2-2-1-1
141,3935,2-2-1-1
141,3937,2-2-1-1
141,3941,2-2-1-1
141,3953,2-2-1-1
141,3957,2-2-1-1
141,3961,2-2-1-1
141,3967,2-2-1-1
141,3974,2-2-1-1
141,3979,2-2-1-1
141,3982,2-2-1-1
141,3985,2-2-1-1
141,3987,2-2-1-1
141,3990,2-2-1-1
141,3991,2-2-1-1
141,3992,2-2-1-1
141,3996,2-2-1-1
141,4001,2-2-1-1
141,4008,2-2-1-1
141,4012,2-2-1-1
141,4013,2-2-1-1
141,4018,2-2-1-1
141,4021,2-2-1-1
141,4029,2-2-1-1
141,4030,2-2-1-1
141,4033,1-1-1-1
141,4038,2-2-1-1
141,4042,2-2-1-1
141,4044,2-2-1-1
141,4045,2-2-1-1
141,4047,2-2-1-1
141,4048,2-2-1-1
141,4052,2-2-1-1
141,4053,2-2-1-1
141,4056,2-2-1-1
141,4066,2-2-1-1
141,4067,2-2-1-1
141,4070,2-2-1-1
141,4071,3-2-1-1
141,4075,2-2-1-1
141,4077,2-2-1-1
141,4079,2-2-1-1
141,4090,2-2-1-1
141,4094,2-2-1-1
141,4106,2-2-1-1
141,4114,2-2-1-1
141,4116,2-2-1-1
141,4117,2-2-1-1
141,4120,2-2-1-1
141,4123,2-2-1-1
141,4124,2-2-1-1
141,4126,2-2-1-1
141,4127,2-2-1-1
141,4130,2-2-1-1
141,4135,2-2-1-1
141,4138,2-2-1-1
141,4145,2-2-1-1
141,4152,2-2-1-1
141,4157,2-2-1-1
141,4160,2-2-1-1
141,4162,2-2-1-1
141,4169,2-2-1-1
141,4172,2-2-1-1
141,4185,2-2-1-1
141,4191,2-2-1-1
141,4195,2-2-1-1
141,4207,2-2-1-1
141,4225,2-2-1-1
141,4226,2-2-1-1
141,4231,2-2-1-1
141,4233,2-2-1-1
141,4234,2-2-1-1
141,4236,2-2-1-1
141,4239,2-2-1-1
141,4241,2-2-1-1
141,4246,2-2-1-1
141,4248,2-2-1-1
141,4252,2-2-1-1
141,4253,2-2-1-1
141,4260,2-2-1-1
141,4261,3-2-1-1
141,4264,2-2-1-1
141,4270,3-2-1-1
141,4272,2-2-1-1
141,4275,2-2-1-1
141,4281,2-2-1-1
141,4283,2-2-1-1
141,4285,2-2-1-1
141,4287,2-2-1-1
141,4289,2-2-1-1
141,4290,2-2-1-1
141,4292,2-2-1-1
141,4297,2-2-1-1
141,4300,2-2-1-1
141,4302,2-2-1-1
141,4306,2-2-1-1
141,4307,2-2-1-1
141,4308,2-2-1-1
141,4309,2-2-1-1
141,4310,2-2-1-1
141,4311,2-2-1-1
141,4317,2-2-1-1
141,4326,2-2-1-1
141,4330,2-2-1-1
141,4331,2-2-1-1
141,4333,2-2-1-1
141,4337,2-2-1-1
141,4343,2-2-1-1
141,4347,2-2-1-1
141,4348,2-2-1-1
141,4357,2-2-1-1
141,4362,2-2-1-1
141,4363,2-2-1-1
141,4364,2-2-1-1
141,4367,2-2-1-1
141,4368,2-2-1-1
141,4369,2-2-1-1
141,4374,2-2-1-1
141,4377,2-2-1-1
141,4378,2-2-1-1
141,4385,2-2-1-1
141,4388,2-2-1-1
141,4389,2-2-1-1
141,4391,2-2-1-1
141,4392,2-2-1-1
141,4393,2-2-1-1
141,4401,2-2-1-1
141,4411,2-2-1-1
141,4417,2-2-1-1
141,4420,2-2-1-1
141,4423,2-2-1-1
141,4436,2-2-1-1
141,4437,2-2-1-1
141,4438,2-2-1-1
141,4442,2-2-1-1
141,4446,2-2-1-1
141,4448,2-2-1-1
141,4451,2-2-1-1
141,4452,2-2-1-1
141,4458,2-2-1-1
141,4463,2-2-1-1
141,4466,2-2-1-1
141,4482,2-2-1-1
141,4487,2-2-1-1
141,4488,2-2-1-1
141,4497,2-2-1-1
141,4503,2-2-1-1
141,4509,2-2-1-1
141,4513,2-2-1-1
141,4528,2-2-1-1
141,4529,2-2-1-1
141,4535,2-2-1-1
141,4537,2-2-1-1
141,4538,2-2-1-1
141,4539,2-2-1-1
141,4544,2-2-1-1
141,4557,2-2-1-1
141,4558,2-2-1-1
141,4562,3-2-1-1
141,4564,2-2-1-1
141,4569,2-2-1-1
141,4572,2-2-1-1
141,4576,2-2-1-1
141,4580,2-2-1-1
141,4581,2-2-1-1
141,4586,2-2-1-1
141,4590,2-2-1-1
141,4594,2-2-1-1
141,4597,2-2-1-1
141,4600,2-2-1-1
141,4602,2-2-1-1
141,4606,2-2-1-1
141,4610,2-2-1-1
141,4612,2-2-1-1
141,4617,2-2-1-1
141,4619,2-2-1-1
141,4620,2-2-1-1
141,4624,2-2-1-1
141,4638,2-2-1-1
141,4642,2-2-1-1
141,4644,2-2-1-1
141,4653,2-2-1-1
141,4654,2-2-1-1
141,4655,2-2-1-1
141,4656,2-2-1-1
141,4658,2-2-1-1
141,4671,2-2-1-1
141,4675,2-2-1-1
141,4686,2-2-1-1
141,4693,4-1-1-1
141,4694,2-2-1-1
141,4698,2-2-1-1
141,4702,2-2-1-1
141,4705,2-2-1-1
141,4706,2-2-1-1
141,4707,2-2-1-1
141,4708,2-2-1-1
141,4710,2-2-1-1
141,4723,2-2-1-1
141,4728,2-2-1-1
141,4730,2-2-1-1
141,4736,2-2-1-1
141,4739,2-2-1-1
141,4742,2-2-1-1
141,4746,2-2-1-1
141,4753,2-2-1-1
141,4754,2-2-1-1
141,4761,2-2-1-1
141,4776,2-2-1-1
141,4779,2-2-1-1
141,4781,2-2-1-1
141,4789,2-2-1-1
141,4790,2-2-1-1
141,4791,2-2-1-1
141,4792,2-2-1-1
141,4793,2-2-1-1
141,4799,2-2-1-1
141,4804,2-2-1-1
141,4805,2-2-1-1
141,4807,2-2-1-1
141,4813,2-2-1-1
141,4816,2-2-1-1
141,4818,2-2-1-1
141,4821,2-2-1-1
141,4822,2-2-1-1
141,4827,2-2-1-1
141,4831,2-2-1-1
141,4834,2-2-1-1
141,4835,2-2-1-1
141,4843,2-2-1-1
141,4847,2-2-1-1
141,4859,2-2-1-1
141,4860,2-2-1-1
141,4861,2-2-1-1
141,4862,2-2-1-1
141,4863,2-2-1-1
141,4864,2-2-1-1
141,4865,2-2-1-1
141,4866,2-2-1-1
141,4867,2-2-1-1
141,4868,2-2-1-1
141,4869,2-2-1-1
141,4876,2-2-1-1
141,4880,1-1-1-1
141,4883,2-2-1-1
141,4885,2-2-1-1
141,4886,2-2-1-1
141,4888,2-2-1-1
141,4892,2-2-1-1
141,4894,2-2-1-1
141,4899,2-2-1-1
141,4914,2-2-1-1
141,4917,2-2-1-1
141,4919,2-2-1-1
141,4927,2-2-1-1
141,4933,2-2-1-1
141,4953,2-2-1-1
141,4957,2-2-1-1
141,4959,2-2-1-1
141,4964,2-2-1-1
141,4965,2-2-1-1
141,4968,2-2-1-1
141,4970,2-2-1-1
141,4997,2-2-1-1
141,4999,2-2-1-1
141,5010,2-2-1-1
141,5013,2-2-1-1
141,5016,2-2-1-1
141,5017,2-2-1-1
141,5022,3-2-1-1
141,5023,2-2-1-1
141,5024,2-2-1-1
141,5025,2-2-1-1
141,5026,2-2-1-1
141,5033,3-2-1-1
141,5042,2-2-1-1
141,5046,2-2-1-1
141,5066,2-2-1-1
141,5070,2-2-1-1
141,5072,2-2-1-1
141,5079,2-2-1-1
141,5083,2-2-1-1
141,5086,2-2-1-1
141,5090,2-2-1-1
141,5097,3-2-1-1
141,5098,2-2-1-1
141,5105,2-2-1-1
141,5112,2-2-1-1
141,5113,2-2-1-1
141,5115,2-2-1-1
141,5116,2-2-1-1
141,5118,2-2-1-1
141,5120,2-2-1-1
141,5125,2-2-1-1
141,5127,2-2-1-1
141,5137,2-2-1-1
141,5142,2-2-1-1
141,5143,2-2-1-1
141,5144,2-2-1-1
141,5147,2-2-1-1
141,5148,3-2-1-1
141,5149,2-2-1-1
141,5168,2-2-1-1
141,5181,2-2-1-1
141,5183,2-2-1-1
141,5185,2-2-1-1
141,5187,2-2-1-1
141,5196,2-2-1-1
141,5197,2-2-1-1
141,5214,2-2-1-1
141,5215,2-2-1-1
141,5217,2-2-1-1
141,5218,2-2-1-1
141,5219,2-2-1-1
141,5221,2-2-1-1
141,5234,2-2-1-1
141,5253,2-2-1-1
141,5255,3-2-1-1
141,5258,2-2-1-1
141,5260,2-2-1-1
141,5263,2-2-1-1
141,5265,2-2-1-1
141,5266,3-2-1-1
141,5270,2-2-1-1
141,5271,2-2-1-1
141,5274,2-2-1-1
141,5276,2-2-1-1
141,5288,2-2-1-1
141,5296,2-2-1-1
141,5297,2-2-1-1
141,5298,2-2-1-1
141,5308,2-2-1-1
141,5313,2-2-1-1
141,5317,2-2-1-1
141,5322,2-2-1-1
141,5333,2-2-1-1
141,5346,2-2-1-1
141,5350,2-2-1-1
141,5357,2-2-1-1
141,5371,2-2-1-1
141,5372,2-2-1-1
141,5373,2-2-1-1
141,5376,2-2-1-1
141,5377,2-2-1-1
141,5380,2-2-1-1
141,5382,2-2-1-1
141,5384,2-2-1-1
141,5390,2-2-1-1
141,5391,2-2-1-1
141,5393,2-2-1-1
141,5394,2-2-1-1
141,5400,2-2-1-1
141,5401,2-2-1-1
141,5413,2-2-1-1
141,5415,2-2-1-1
141,5419,2-2-1-1
141,5420,2-2-1-1
141,5421,2-2-1-1
141,5423,2-2-1-1
141,5424,2-2-1-1
141,5425,2-2-1-1
141,5427,2-2-1-1
141,5442,2-2-1-1
141,5448,2-2-1-1
141,5459,2-2-1-1
141,5462,2-2-1-1
141,5465,2-2-1-1
141,5468,1-1-1-1
141,5470,2-2-1-1
141,5478,2-2-1-1
141,5479,2-2-1-1
141,5484,2-2-1-1
141,5485,2-2-1-1
141,5488,2-2-1-1
141,5489,2-2-1-1
141,5494,2-2-1-1
141,5501,2-2-1-1
141,5515,2-2-1-1
141,5519,2-2-1-1
141,5524,2-2-1-1
141,5529,2-2-1-1
141,5533,2-2-1-1
141,5537,4-1-1-1
141,5539,2-2-1-1
141,5540,2-2-1-1
141,5541,2-2-1-1
141,5546,2-2-1-1
141,5547,2-2-1-1
141,5551,2-2-1-1
141,5556,2-2-1-1
141,5561,2-2-1-1
141,5563,2-2-1-1
141,5573,2-2-1-1
141,5576,2-2-1-1
141,5577,2-2-1-1
141,5579,2-2-1-1
141,5581,2-2-1-1
141,5582,2-2-1-1
141,5584,2-2-1-1
141,5587,2-2-1-1
141,5594,2-2-1-1
141,5599,2-2-1-1
141,5603,2-2-1-1
141,5610,2-2-1-1
141,5613,2-2-1-1
141,5614,2-2-1-1
141,5615,2-2-1-1
141,5616,2-2-1-1
141,5618,2-2-1-1
141,5625,2-2-1-1
141,5634,2-2-1-1
141,5642,2-2-1-1
141,5656,2-2-1-1
141,5657,2-2-1-1
141,5658,2-2-1-1
141,5660,2-2-1-1
141,5662,2-2-1-1
141,5663,2-2-1-1
141,5669,2-2-1-1
141,5672,2-2-1-1
141,5676,2-2-1-1
141,5685,2-2-1-1
141,5686,2-2-1-1
141,5688,2-2-1-1
141,5692,2-2-1-1
141,5700,2-2-1-1
141,5701,2-2-1-1
141,5705,2-2-1-1
141,5706,2-2-1-1
141,5708,2-2-1-1
141,5711,2-2-1-1
141,5720,2-2-1-1
141,5727,2-2-1-1
141,5733,2-2-1-1
141,5734,2-2-1-1
141,5739,2-2-1-1
141,5741,2-2-1-1
141,5745,2-2-1-1
141,5752,2-2-1-1
141,5753,2-2-1-1
141,5766,2-2-1-1
141,5775,2-2-1-1
141,5776,2-2-1-1
141,5777,2-2-1-1
141,5786,2-2-1-1
141,5787,2-2-1-1
141,5794,2-2-1-1
141,5795,2-2-1-1
141,5808,2-2-1-1
141,5814,2-2-1-1
141,5817,2-2-1-1
141,5819,2-2-1-1
141,5842,2-2-1-1
141,5845,2-2-1-1
141,5847,2-2-1-1
141,5848,2-2-1-1
141,5850,2-2-1-1
141,5855,2-2-1-1
141,5857,2-2-1-1
141,5858,2-2-1-1
141,5859,2-2-1-1
141,5860,2-2-1-1
141,5864,2-2-1-1
141,5866,2-2-1-1
141,5871,2-2-1-1
141,5872,2-2-1-1
141,5876,2-2-1-1
141,5878,2-2-1-1
141,5880,2-2-1-1
141,5883,2-2-1-1
141,5884,2-2-1-1
141,5889,2-2-1-1
141,5892,2-2-1-1
141,5920,2-2-1-1
141,5930,2-2-1-1
141,5934,2-2-1-1
141,5939,2-2-1-1
141,5946,2-2-1-1
141,5951,3-2-1-1
141,5954,2-2-1-1
141,5958,2-2-1-1
141,5984,2-2-1-1
141,5985,2-2-1-1
141,5994,2-2-1-1
141,5995,2-2-1-1
141,5997,2-2-1-1
141,5998,2-2-1-1
141,6005,2-2-1-1
141,6014,2-2-1-1
141,6029,2-2-1-1
141,6031,2-2-1-1
141,6034,2-2-1-1
141,6039,2-2-1-1
141,6043,2-2-1-1
141,6044,2-2-1-1
141,6045,2-2-1-1
141,6046,2-2-1-1
141,6048,2-2-1-1
141,6050,2-2-1-1
141,6051,2-2-1-1
141,6055,2-2-1-1
141,6056,2-2-1-1
141,6059,2-2-1-1
141,6061,2-2-1-1
141,6062,2-2-1-1
141,6074,2-2-1-1
141,6077,2-2-1-1
141,6087,2-2-1-1
141,6088,2-2-1-1
141,6100,2-2-1-1
141,6101,3-2-1-1
141,6102,2-2-1-1
141,6107,2-2-1-1
141,6108,2-2-1-1
141,6115,2-2-1-1
141,6124,2-2-1-1
141,6128,1-1-1-1
141,6131,2-2-1-1
141,6133,2-2-1-1
141,6139,2-2-1-1
141,6141,2-2-1-1
141,6145,2-2-1-1
141,6146,2-2-1-1
141,6167,2-2-1-1
141,6178,2-2-1-1
141,6194,2-2-1-1
141,6196,2-2-1-1
141,6203,4-1-1-1
141,6207,2-2-1-1
141,6208,2-2-1-1
141,6210,2-2-1-1
141,6212,2-2-1-1
141,6218,2-2-1-1
141,6220,2-2-1-1
141,6227,2-2-1-1
141,6236,2-2-1-1
141,6240,2-2-1-1
141,6243,2-2-1-1
141,6250,2-2-1-1
141,6253,2-2-1-1
141,6258,2-2-1-1
141,6259,2-2-1-1
141,6268,2-2-1-1
141,6275,2-2-1-1
141,6277,2-2-1-1
141,6280,2-2-1-1
141,6288,2-2-1-1
141,6292,2-2-1-1
141,6295,1-1-1-1
141,6296,2-2-1-1
141,6298,2-2-1-1
141,6299,1-1-1-1
141,6301,2-2-1-1
141,6302,2-2-1-1
141,6307,2-2-1-1
141,6314,2-2-1-1
141,6315,2-2-1-1
141,6317,2-2-1-1
141,6326,2-2-1-1
141,6327,2-2-1-1
141,6333,2-2-1-1
141,6346,2-2-1-1
141,6347,2-2-1-1
141,6350,2-2-1-1
141,6351,2-2-1-1
141,6353,2-2-1-1
141,6360,2-2-1-1
141,6362,2-2-1-1
141,6364,2-2-1-1
141,6368,2-2-1-1
141,6372,2-2-1-1
141,6375,2-2-1-1
141,6394,2-2-1-1
141,6395,2-2-1-1
141,6398,2-2-1-1
141,6430,2-2-1-1
141,6431,2-2-1-1
141,6437,2-2-1-1
141,6441,2-2-1-1
141,6459,2-2-1-1
141,6463,2-2-1-1
141,6467,2-2-1-1
141,6475,2-2-1-1
141,6480,2-2-1-1
141,6487,2-2-1-1
141,6497,2-2-1-1
141,6500,2-2-1-1
141,6501,2-2-1-1
141,6504,2-2-1-1
141,6506,2-2-1-1
141,6507,2-2-1-1
141,6510,2-2-1-1
141,6511,2-2-1-1
141,6513,2-2-1-1
141,6515,2-2-1-1
141,6519,2-2-1-1
141,6525,2-2-1-1
141,6529,2-2-1-1
141,6530,2-2-1-1
141,6532,2-2-1-1
141,6535,3-2-1-1
141,6537,2-2-1-1
141,6539,2-2-1-1
141,6540,2-2-1-1
141,6544,2-2-1-1
141,6547,2-2-1-1
141,6549,2-2-1-1
141,6563,2-2-1-1
141,6565,2-2-1-1
141,6569,2-2-1-1
141,6570,2-2-1-1
141,6580,2-2-1-1
141,6583,2-2-1-1
141,6588,2-2-1-1
141,6604,2-2-1-1
141,6608,2-2-1-1
141,6616,2-2-1-1
141,6623,2-2-1-1
141,6639,2-2-1-1
141,6640,2-2-1-1
141,6645,2-2-1-1
141,6650,2-2-1-1
141,6670,2-2-1-1
141,6672,2-2-1-1
141,6676,2-2-1-1
141,6687,2-2-1-1
141,6694,2-2-1-1
141,6696,2-2-1-1
141,6698,2-2-1-1
141,6702,2-2-1-1
141,6706,2-2-1-1
141,6707,1-1-1-1
141,6708,2-2-1-1
141,6713,2-2-1-1
141,6714,2-2-1-1
141,6719,2-2-1-1
141,6720,2-2-1-1
141,6735,2-2-1-1
141,6751,2-2-1-1
141,6756,2-2-1-1
141,6760,1-1-1-1
141,6766,2-2-1-1
141,6769,2-2-1-1
141,6779,2-2-1-1
141,6781,2-2-1-1
141,6782,2-2-1-1
141,6794,2-2-1-1
141,6803,2-2-1-1
141,6807,2-2-1-1
141,6810,2-2-1-1
141,6823,2-2-1-1
141,6830,2-2-1-1
141,6835,2-2-1-1
141,6838,2-2-1-1
141,6839,2-2-1-1
141,6841,2-2-1-1
141,6842,2-2-1-1
141,6847,2-2-1-1
141,6853,2-2-1-1
141,6854,2-2-1-1
141,6860,2-2-1-1
141,6861,2-2-1-1
141,6867,3-2-1-1
141,6870,2-2-1-1
141,6871,2-2-1-1
141,6875,2-2-1-1
141,6877,2-2-1-1
141,6879,2-2-1-1
141,6880,2-2-1-1
141,6882,2-2-1-1
141,6893,2-2-1-1
141,6895,2-2-1-1
141,6901,2-2-1-1
141,6902,2-2-1-1
141,6920,2-2-1-1
141,6927,2-2-1-1
141,6931,2-2-1-1
141,6932,2-2-1-1
141,6935,2-2-1-1
141,6941,2-2-1-1
141,6944,4-1-1-1
141,6947,2-2-1-1
141,6950,2-2-1-1
141,6961,2-2-1-1
141,6965,3-2-1-1
141,6966,2-2-1-1
141,6975,2-2-1-1
141,6979,2-2-1-1
141,6992,2-2-1-1
141,6995,2-2-1-1
141,6998,2-2-1-1
141,6999,2-2-1-1
141,7000,2-2-1-1
141,7002,2-2-1-1
141,7005,2-2-1-1
141,7007,2-2-1-1
141,7011,2-2-1-1
141,7012,2-2-1-1
141,7014,2-2-1-1
141,7017,2-2-1-1
141,7019,2-2-1-1
141,7030,2-2-1-1
141,7034,2-2-1-1
141,7039,2-2-1-1
141,7046,2-2-1-1
141,7048,2-2-1-1
141,7053,2-2-1-1
141,7054,2-2-1-1
141,7057,2-2-1-1
141,7059,2-2-1-1
141,7065,2-2-1-1
141,7068,2-2-1-1
141,7073,2-2-1-1
141,7076,2-2-1-1
141,7082,2-2-1-1
141,7097,2-2-1-1
141,7101,2-2-1-1
141,7102,2-2-1-1
141,7103,2-2-1-1
141,7107,2-2-1-1
141,7117,2-2-1-1
141,7134,2-2-1-1
141,7137,2-2-1-1
141,7140,2-2-1-1
141,7150,2-2-1-1
141,7154,2-2-1-1
141,7155,2-2-1-1
141,7161,2-2-1-1
141,7162,2-2-1-1
141,7163,2-2-1-1
141,7166,2-2-1-1
141,7179,2-2-1-1
141,7183,2-2-1-1
141,7192,2-2-1-1
141,7193,2-2-1-1
141,7196,2-2-1-1
141,7197,2-2-1-1
141,7211,2-2-1-1
141,7212,2-2-1-1
141,7213,2-2-1-1
141,7217,2-2-1-1
141,7219,2-2-1-1
141,7227,2-2-1-1
141,7229,2-2-1-1
141,7235,2-2-1-1
141,7237,2-2-1-1
141,7240,2-2-1-1
141,7249,2-2-1-1
141,7252,2-2-1-1
141,7259,2-2-1-1
141,7268,3-2-1-1
141,7274,3-2-1-1
141,7277,2-2-1-1
141,7281,2-2-1-1
141,7287,2-2-1-1
141,7292,2-2-1-1
141,7304,2-2-1-1
141,7305,2-2-1-1
141,7314,2-2-1-1
141,7324,2-2-1-1
141,7325,2-2-1-1
141,7326,2-2-1-1
141,7331,2-2-1-1
141,7334,2-2-1-1
141,7338,2-2-1-1
141,7340,2-2-1-1
141,7343,2-2-1-1
141,7344,2-2-1-1
141,7350,2-2-1-1
141,7351,2-2-1-1
141,7352,2-2-1-1
141,7353,2-2-1-1
141,7354,2-2-1-1
141,7355,2-2-1-1
141,7356,2-2-1-1
141,7357,2-2-1-1
141,7362,2-2-1-1
141,7363,2-2-1-1
141,7366,2-2-1-1
141,7371,2-2-1-1
141,7373,2-2-1-1
141,7374,2-2-1-1
141,7387,2-2-1-1
141,7389,2-2-1-1
141,7395,2-2-1-1
141,7408,2-2-1-1
141,7410,2-2-1-1
141,7416,2-2-1-1
141,7418,2-2-1-1
141,7420,2-2-1-1
141,7424,2-2-1-1
141,7427,2-2-1-1
141,7433,2-2-1-1
141,7435,2-2-1-1
141,7441,2-2-1-1
141,7444,2-2-1-1
141,7450,2-2-1-1
141,7452,2-2-1-1
141,7456,2-2-1-1
141,7459,2-2-1-1
141,7475,2-2-1-1
141,7482,2-2-1-1
141,7484,2-2-1-1
141,7486,2-2-1-1
141,7487,2-2-1-1
141,7488,2-2-1-1
141,7489,2-2-1-1
141,7491,2-2-1-1
141,7492,2-2-1-1
141,7504,2-2-1-1
141,7506,2-2-1-1
141,7507,2-2-1-1
141,7511,2-2-1-1
141,7516,2-2-1-1
141,7519,2-2-1-1
141,7520,2-2-1-1
141,7524,2-2-1-1
141,7529,2-2-1-1
141,7532,2-2-1-1
141,7535,2-2-1-1
141,7538,2-2-1-1
141,7540,2-2-1-1
141,7541,2-2-1-1
141,7543,2-2-1-1
141,7544,2-2-1-1
141,7550,2-2-1-1
141,7552,2-2-1-1
141,7553,2-2-1-1
141,7555,2-2-1-1
141,7557,1-1-1-1
141,7561,2-2-1-1
141,7564,2-2-1-1
141,7578,2-2-1-1
141,7580,2-2-1-1
141,7581,2-2-1-1
141,7582,2-2-1-1
141,7590,2-2-1-1
141,7596,2-2-1-1
141,7601,2-2-1-1
141,7604,2-2-1-1
141,7607,2-2-1-1
141,7610,2-2-1-1
141,7612,2-2-1-1
141,7613,2-2-1-1
141,7620,2-2-1-1
141,7622,3-2-1-1
141,7633,2-2-1-1
141,7635,2-2-1-1
141,7636,2-2-1-1
141,7637,2-2-1-1
141,7638,2-2-1-1
141,7643,2-2-1-1
141,7645,2-2-1-1
141,7649,1-1-1-1
141,7651,2-2-1-1
141,7653,2-2-1-1
141,7654,2-2-1-1
141,7655,2-2-1-1
141,7657,2-2-1-1
141,7660,2-2-1-1
141,7663,2-2-1-1
141,7670,2-2-1-1
141,7682,2-2-1-1
141,7685,2-2-1-1
141,7687,2-2-1-1
141,7688,2-2-1-1
141,7693,2-2-1-1
141,7700,2-2-1-1
141,7702,2-2-1-1
141,7705,2-2-1-1
141,7707,2-2-1-1
141,7713,2-2-1-1
141,7717,2-2-1-1
141,7719,2-2-1-1
141,7722,2-2-1-1
141,7724,2-2-1-1
141,7730,2-2-1-1
141,7732,2-2-1-1
141,7740,2-2-1-1
141,7743,2-2-1-1
141,7744,2-2-1-1
141,7745,2-2-1-1
141,7749,2-2-1-1
141,7756,2-2-1-1
141,7757,2-2-1-1
141,7765,2-2-1-1
141,7771,2-2-1-1
141,7772,2-2-1-1
141,7775,2-2-1-1
141,7781,2-2-1-1
141,7784,2-2-1-1
141,7789,2-2-1-1
141,7792,2-2-1-1
141,7794,2-2-1-1
141,7795,2-2-1-1
141,7805,2-2-1-1
141,7808,2-2-1-1
141,7814,2-2-1-1
141,7817,2-2-1-1
141,7821,2-2-1-1
141,7826,2-2-1-1
141,7830,2-2-1-1
141,7833,2-2-1-1
141,7834,2-2-1-1
141,7836,2-2-1-1
141,7837,2-2-1-1
141,7847,2-2-1-1
141,7852,2-2-1-1
141,7854,2-2-1-1
141,7879,2-2-1-1
141,7882,2-2-1-1
141,7884,2-2-1-1
141,7890,2-2-1-1
141,7895,2-2-1-1
141,7899,2-2-1-1
141,7915,2-2-1-1
141,7918,2-2-1-1
141,7928,2-2-1-1
141,7930,2-2-1-1
141,7931,2-2-1-1
141,7940,2-2-1-1
141,7944,2-2-1-1
141,7947,2-2-1-1
141,7964,2-2-1-1
141,7969,2-2-1-1
141,7983,2-2-1-1
141,7987,2-2-1-1
141,8000,2-2-1-1
141,8001,2-2-1-1
141,8003,2-2-1-1
141,8008,2-2-1-1
141,8016,2-2-1-1
141,8018,2-2-1-1
141,8019,2-2-1-1
141,8026,2-2-1-1
141,8027,2-2-1-1
141,8032,2-2-1-1
141,8036,2-2-1-1
141,8038,2-2-1-1
141,8039,2-2-1-1
141,8040,2-2-1-1
141,8047,2-2-1-1
141,8048,2-2-1-1
141,8051,2-2-1-1
141,8057,2-2-1-1
141,8061,2-2-1-1
141,8062,2-2-1-1
141,8064,2-2-1-1
141,8070,2-2-1-1
141,8071,2-2-1-1
141,8079,2-2-1-1
141,8083,2-2-1-1
141,8088,2-2-1-1
141,8089,2-2-1-1
141,8092,2-2-1-1
141,8093,2-2-1-1
141,8094,2-2-1-1
141,8098,2-2-1-1
141,8105,2-2-1-1
141,8109,2-2-1-1
141,8113,2-2-1-1
141,8115,2-2-1-1
141,8119,2-2-1-1
141,8120,2-2-1-1
141,8124,2-2-1-1
141,8127,2-2-1-1
141,8134,2-2-1-1
141,8135,2-2-1-1
141,8136,2-2-1-1
141,8145,2-2-1-1
141,8152,2-2-1-1
141,8159,2-2-1-1
141,8161,2-2-1-1
141,8163,2-2-1-1
141,8174,2-2-1-1
141,8177,3-2-1-1
141,8178,2-2-1-1
141,8192,1-1-1-1
141,8196,2-2-1-1
141,8210,2-2-1-1
141,8211,2-2-1-1
141,8212,2-2-1-1
141,8213,2-2-1-1
141,8214,2-2-1-1
141,8226,2-2-1-1
141,8230,2-2-1-1
141,8231,2-2-1-1
141,8233,2-2-1-1
141,8234,2-2-1-1
141,8237,2-2-1-1
141,8241,2-2-1-1
141,8242,2-2-1-1
141,8243,2-2-1-1
141,8251,2-2-1-1
141,8257,2-2-1-1
141,8261,2-2-1-1
141,8266,2-2-1-1
141,8273,2-2-1-1
141,8274,2-2-1-1
141,8276,2-2-1-1
141,8281,2-2-1-1
141,8290,2-2-1-1
141,8293,2-2-1-1
141,8294,2-2-1-1
141,8296,2-2-1-1
141,8298,2-2-1-1
141,8317,2-2-1-1
141,8318,2-2-1-1
141,8329,2-2-1-1
141,8334,2-2-1-1
141,8339,2-2-1-1
141,8348,2-2-1-1
141,8349,2-2-1-1
141,8351,2-2-1-1
141,8352,2-2-1-1
141,8353,2-2-1-1
141,8354,2-2-1-1
141,8357,2-2-1-1
141,8359,2-2-1-1
141,8360,2-2-1-1
141,8364,2-2-1-1
141,8380,2-2-1-1
141,8387,3-2-1-1
141,8388,2-2-1-1
141,8392,2-2-1-1
141,8397,2-2-1-1
141,8400,2-2-1-1
141,8402,2-2-1-1
141,8403,2-2-1-1
141,8410,2-2-1-1
141,8414,2-2-1-1
141,8415,2-2-1-1
141,8419,2-2-1-1
141,8431,2-2-1-1
141,8437,2-2-1-1
141,8441,2-2-1-1
141,8442,2-2-1-1
141,8443,2-2-1-1
141,8444,2-2-1-1
141,8446,2-2-1-1
141,8447,2-2-1-1
141,8450,2-2-1-1
141,8451,2-2-1-1
141,8456,2-2-1-1
141,8465,2-2-1-1
141,8473,2-2-1-1
141,8480,2-2-1-1
141,8494,2-2-1-1
141,8505,2-2-1-1
141,8507,2-2-1-1
141,8508,2-2-1-1
141,8511,3-2-1-1
141,8514,2-2-1-1
141,8518,2-2-1-1
141,8519,2-2-1-1
141,8525,2-2-1-1
141,8527,2-2-1-1
141,8531,2-2-1-1
141,8534,2-2-1-1
141,8537,2-2-1-1
141,8545,2-2-1-1
141,8550,2-2-1-1
141,8553,2-2-1-1
141,8557,2-2-1-1
141,8559,2-2-1-1
141,8562,2-2-1-1
141,8564,2-2-1-1
141,8566,2-2-1-1
141,8567,2-2-1-1
141,8569,2-2-1-1
141,8571,2-2-1-1
141,8572,2-2-1-1
141,8581,2-2-1-1
141,8584,2-2-1-1
141,8590,2-2-1-1
141,8593,2-2-1-1
141,8598,2-2-1-1
141,8600,2-2-1-1
141,8604,2-2-1-1
141,8605,2-2-1-1
141,8617,2-2-1-1
141,8626,2-2-1-1
141,8629,2-2-1-1
141,8634,2-2-1-1
141,8638,2-2-1-1
141,8640,2-2-1-1
141,8641,2-2-1-1
141,8650,2-2-1-1
141,8653,2-2-1-1
141,8658,2-2-1-1
141,8660,2-2-1-1
141,8661,2-2-1-1
141,8667,2-2-1-1
141,8674,2-2-1-1
141,8675,2-2-1-1
141,8677,2-2-1-1
141,8680,2-2-1-1
141,8693,2-2-1-1
141,8709,3-2-1-1
141,8716,2-2-1-1
141,8721,2-2-1-1
141,8725,2-2-1-1
141,8726,2-2-1-1
141,8729,2-2-1-1
141,8732,2-2-1-1
141,8734,2-2-1-1
141,8735,2-2-1-1
141,8736,2-2-1-1
141,8740,2-2-1-1
141,8748,3-2-1-1
141,8754,2-2-1-1
141,8757,2-2-1-1
141,8766,2-2-1-1
141,8768,2-2-1-1
141,8773,2-2-1-1
141,8789,2-2-1-1
141,8795,2-2-1-1
141,8805,2-2-1-1
141,8814,2-2-1-1
141,8815,2-2-1-1
141,8832,2-2-1-1
141,8846,2-2-1-1
141,8848,2-2-1-1
141,8854,2-2-1-1
141,8858,2-2-1-1
141,8860,2-2-1-1
141,8863,2-2-1-1
141,8864,2-2-1-1
141,8868,2-2-1-1
141,8884,2-2-1-1
141,8885,2-2-1-1
141,8894,2-2-1-1
141,8898,2-2-1-1
141,8900,2-2-1-1
141,8901,2-2-1-1
141,8904,2-2-1-1
141,8913,2-2-1-1
141,8914,2-2-1-1
141,8926,2-2-1-1
141,8937,2-2-1-1
141,8938,2-2-1-1
141,8939,2-2-1-1
141,8942,2-2-1-1
141,8946,2-2-1-1
141,8950,2-2-1-1
141,8951,2-2-1-1
141,8955,2-2-1-1
141,8958,2-2-1-1
141,8959,2-2-1-1
141,8964,2-2-1-1
141,8970,2-2-1-1
141,8972,2-2-1-1
141,8975,2-2-1-1
141,8986,2-2-1-1
141,8988,2-2-1-1
141,8991,2-2-1-1
141,8992,2-2-1-1
141,9000,2-2-1-1
141,9001,2-2-1-1
141,9002,2-2-1-1
141,9008,2-2-1-1
141,9013,2-2-1-1
141,9015,2-2-1-1
141,9020,2-2-1-1
141,9028,2-2-1-1
141,9033,2-2-1-1
141,9034,2-2-1-1
141,9039,2-2-1-1
141,9045,2-2-1-1
141,9048,2-2-1-1
141,9057,2-2-1-1
141,9058,2-2-1-1
141,9059,2-2-1-1
141,9060,2-2-1-1
141,9066,2-2-1-1
141,9072,2-2-1-1
141,9073,2-2-1-1
141,9075,2-2-1-1
141,9077,2-2-1-1
141,9089,2-2-1-1
141,9099,2-2-1-1
141,9100,2-2-1-1
141,9102,2-2-1-1
141,9103,2-2-1-1
141,9121,2-2-1-1
141,9126,3-2-1-1
141,9127,2-2-1-1
141,9129,2-2-1-1
141,9139,2-2-1-1
141,9140,2-2-1-1
141,9171,2-2-1-1
141,9172,2-2-1-1
141,9174,2-2-1-1
141,9176,2-2-1-1
141,9184,2-2-1-1
141,9185,2-2-1-1
141,9186,2-2-1-1
141,9193,3-2-1-1
141,9195,2-2-1-1
141,9197,2-2-1-1
141,9198,2-2-1-1
141,9200,2-2-1-1
141,9202,2-2-1-1
141,9203,2-2-1-1
141,9204,2-2-1-1
141,9205,2-2-1-1
141,9208,2-2-1-1
141,9217,2-2-1-1
141,9218,2-2-1-1
141,9221,2-2-1-1
141,9222,2-2-1-1
141,9225,2-2-1-1
141,9231,2-2-1-1
141,9232,2-2-1-1
141,9237,2-2-1-1
141,9243,2-2-1-1
141,9245,2-2-1-1
141,9248,2-2-1-1
141,9253,2-2-1-1
141,9256,2-2-1-1
141,9262,2-2-1-1
141,9264,2-2-1-1
141,9265,2-2-1-1
141,9269,2-2-1-1
141,9297,2-2-1-1
141,9303,2-2-1-1
141,9309,2-2-1-1
141,9315,2-2-1-1
141,9324,2-2-1-1
141,9329,2-2-1-1
141,9330,2-2-1-1
141,9335,2-2-1-1
141,9336,2-2-1-1
141,9337,2-2-1-1
141,9338,2-2-1-1
141,9340,2-2-1-1
141,9341,2-2-1-1
141,9359,2-2-1-1
141,9360,2-2-1-1
141,9365,2-2-1-1
141,9368,2-2-1-1
141,9369,2-2-1-1
141,9371,2-2-1-1
141,9378,2-2-1-1
141,9380,2-2-1-1
141,9384,2-2-1-1
141,9387,2-2-1-1
141,9391,3-2-1-1
141,9404,2-2-1-1
141,9416,2-2-1-1
141,9417,2-2-1-1
141,9418,2-2-1-1
141,9419,2-2-1-1
141,9422,2-2-1-1
141,9427,2-2-1-1
141,9428,2-2-1-1
141,9433,2-2-1-1
141,9437,2-2-1-1
141,9442,2-2-1-1
141,9447,2-2-1-1
141,9451,2-2-1-1
141,9453,2-2-1-1
141,9454,2-2-1-1
141,9455,2-2-1-1
141,9457,2-2-1-1
141,9469,2-2-1-1
141,9479,2-2-1-1
141,9482,2-2-1-1
141,9487,2-2-1-1
141,9489,2-2-1-1
141,9490,2-2-1-1
141,9497,2-2-1-1
141,9498,2-2-1-1
141,9499,2-2-1-1
141,9500,2-2-1-1
141,9503,2-2-1-1
141,9504,2-2-1-1
141,9507,2-2-1-1
141,9515,2-2-1-1
141,9518,2-2-1-1
141,9522,2-2-1-1
141,9526,2-2-1-1
141,9536,2-2-1-1
141,9541,2-2-1-1
141,9543,2-2-1-1
141,9544,2-2-1-1
141,9546,2-2-1-1
141,9548,2-2-1-1
141,9551,2-2-1-1
141,9552,2-2-1-1
141,9553,2-2-1-1
141,9557,2-2-1-1
141,9564,2-2-1-1
141,9567,2-2-1-1
141,9568,2-2-1-1
141,9570,2-2-1-1
141,9574,2-2-1-1
141,9577,2-2-1-1
141,9585,2-2-1-1
141,9592,3-2-1-1
141,9594,2-2-1-1
141,9601,2-2-1-1
141,9604,2-2-1-1
141,9607,2-2-1-1
141,9608,2-2-1-1
141,9609,2-2-1-1
141,9611,2-2-1-1
141,9616,3-2-1-1
141,9633,2-2-1-1
141,9638,2-2-1-1
141,9639,2-2-1-1
141,9646,2-2-1-1
141,9648,2-2-1-1
141,9656,2-2-1-1
141,9658,2-2-1-1
141,9659,2-2-1-1
141,9660,2-2-1-1
141,9661,2-2-1-1
141,9666,2-2-1-1
141,9667,2-2-1-1
141,9670,2-2-1-1
141,9682,2-2-1-1
141,9695,2-2-1-1
141,9698,2-2-1-1
141,9716,2-2-1-1
141,9720,2-2-1-1
141,9730,2-2-1-1
141,9734,2-2-1-1
141,9735,2-2-1-1
141,9736,2-2-1-1
141,9738,2-2-1-1
141,9741,2-2-1-1
141,9742,2-2-1-1
141,9743,2-2-1-1
141,9746,2-2-1-1
141,9750,2-2-1-1
141,9753,2-2-1-1
141,9765,2-2-1-1
141,9766,2-2-1-1
141,9767,2-2-1-1
141,9772,2-2-1-1
141,9778,2-2-1-1
141,9785,2-2-1-1
141,9802,2-2-1-1
141,9809,2-2-1-1
141,9810,2-2-1-1
141,9811,2-2-1-1
141,9815,2-2-1-1
141,9817,2-2-1-1
141,9840,2-2-1-1
141,9841,2-2-1-1
141,9842,2-2-1-1
141,9860,2-2-1-1
141,9867,2-2-1-1
141,9868,2-2-1-1
141,9869,2-2-1-1
141,9875,2-2-1-1
141,9881,2-2-1-1
141,9886,2-2-1-1
141,9887,2-2-1-1
141,9899,2-2-1-1
141,9905,2-2-1-1
141,9921,2-2-1-1
141,9922,2-2-1-1
141,9924,2-2-1-1
141,9927,2-2-1-1
141,9929,2-2-1-1
141,9939,2-2-1-1
141,9943,2-2-1-1
141,9945,2-2-1-1
141,9946,2-2-1-1
141,9948,2-2-1-1
141,9949,2-2-1-1
141,9950,2-2-1-1
141,9951,2-2-1-1
141,9959,2-2-1-1
141,9962,1-1-1-1
141,9965,2-2-1-1
141,9967,2-2-1-1
141,9979,2-2-1-1
141,9981,2-2-1-1
141,9985,2-2-1-1
141,9988,2-2-1-1
141,9991,2-2-1-1
141,9992,2-2-1-1
141,9993,2-2-1-1
141,9995,2-2-1-1
141,10000,2-2-1-1
141,10003,2-2-1-1
141,10008,2-2-1-1
141,10010,2-2-1-1
141,10011,2-2-1-1
141,10015,2-2-1-1
141,10016,2-2-1-1
141,10032,1-1-1-1
141,10035,2-2-1-1
141,10036,2-2-1-1
141,10038,4-1-1-1
141,10041,2-2-1-1
141,10045,2-2-1-1
141,10055,2-2-1-1
141,10063,2-2-1-1
141,10067,2-2-1-1
141,10075,2-2-1-1
141,10077,2-2-1-1
141,10098,2-2-1-1
141,10101,2-2-1-1
141,10102,2-2-1-1
141,10104,2-2-1-1
141,10105,2-2-1-1
141,10110,2-2-1-1
141,10111,2-2-1-1
141,10113,2-2-1-1
141,10116,2-2-1-1
141,10118,2-2-1-1
141,10124,2-2-1-1
141,10126,2-2-1-1
141,10127,2-2-1-1
141,10128,2-2-1-1
141,10130,2-2-1-1
141,10131,2-2-1-1
141,10133,2-2-1-1
141,10136,2-2-1-1
141,10138,2-2-1-1
141,10141,2-2-1-1
141,10150,2-2-1-1
141,10153,2-2-1-1
141,10157,2-2-1-1
141,10162,2-2-1-1
141,10176,2-2-1-1
141,10179,2-2-1-1
141,10188,2-2-1-1
141,10191,2-2-1-1
141,10197,2-2-1-1
141,10202,2-2-1-1
141,10224,2-2-1-1
141,10226,2-2-1-1
141,10230,2-2-1-1
141,10232,2-2-1-1
141,10235,2-2-1-1
141,10242,2-2-1-1
141,10246,2-2-1-1
141,10248,2-2-1-1
141,10253,2-2-1-1
141,10255,2-2-1-1
141,10259,2-2-1-1
141,10275,2-2-1-1
141,10278,2-2-1-1
141,10294,2-2-1-1
141,10295,2-2-1-1
141,10304,2-2-1-1
141,10306,2-2-1-1
141,10307,2-2-1-1
141,10313,2-2-1-1
141,10316,2-2-1-1
141,10318,2-2-1-1
141,10319,2-2-1-1
141,10320,2-2-1-1
141,10321,2-2-1-1
141,10325,2-2-1-1
141,10330,2-2-1-1
141,10342,2-2-1-1
141,10344,2-2-1-1
141,10345,2-2-1-1
141,10346,2-2-1-1
141,10360,2-2-1-1
141,10371,2-2-1-1
141,10372,2-2-1-1
141,10373,2-2-1-1
141,10374,2-2-1-1
141,10375,2-2-1-1
141,10382,2-2-1-1
141,10384,2-2-1-1
141,10386,2-2-1-1
141,10389,2-2-1-1
141,10395,2-2-1-1
141,10396,2-2-1-1
141,10405,2-2-1-1
141,10407,2-2-1-1
141,10418,2-2-1-1
141,10421,2-2-1-1
141,10440,2-2-1-1
141,10447,2-2-1-1
141,10450,2-2-1-1
141,10452,2-2-1-1
141,10465,2-2-1-1
141,10473,2-2-1-1
141,10499,2-2-1-1
141,10500,2-2-1-1
141,10502,2-2-1-1
141,10504,2-2-1-1
141,10516,2-2-1-1
141,10518,2-2-1-1
141,10521,2-2-1-1
141,10528,2-2-1-1
141,10532,2-2-1-1
141,10533,2-2-1-1
141,10535,2-2-1-1
141,10539,2-2-1-1
141,10540,2-2-1-1
141,10545,2-2-1-1
141,10553,2-2-1-1
141,10555,2-2-1-1
141,10556,3-2-1-1
141,10561,2-2-1-1
141,10562,2-2-1-1
141,10567,2-2-1-1
141,10572,2-2-1-1
141,10573,2-2-1-1
141,10579,2-2-1-1
141,10594,2-2-1-1
141,10598,2-2-1-1
141,10604,2-2-1-1
141,10605,2-2-1-1
141,10608,2-2-1-1
141,10609,2-2-1-1
141,10618,2-2-1-1
141,10625,2-2-1-1
141,10635,2-2-1-1
141,10646,2-2-1-1
141,10653,2-2-1-1
141,10658,2-2-1-1
141,10663,2-2-1-1
141,10665,2-2-1-1
141,10688,2-2-1-1
141,10689,2-2-1-1
141,10690,2-2-1-1
141,10696,2-2-1-1
141,10699,2-2-1-1
141,10701,2-2-1-1
141,10710,2-2-1-1
141,10720,2-2-1-1
141,10722,2-2-1-1
141,10723,2-2-1-1
141,10731,2-2-1-1
141,10735,2-2-1-1
141,10742,2-2-1-1
141,10748,2-2-1-1
141,10751,2-2-1-1
141,10752,2-2-1-1
141,10755,2-2-1-1
141,10772,2-2-1-1
141,10773,2-2-1-1
141,10778,2-2-1-1
141,10780,2-2-1-1
141,10781,2-2-1-1
141,10782,2-2-1-1
141,10784,2-2-1-1
141,10786,2-2-1-1
141,10788,2-2-1-1
141,10794,2-2-1-1
141,10798,2-2-1-1
141,10799,2-2-1-1
141,10806,2-2-1-1
141,10812,2-2-1-1
141,10815,2-2-1-1
141,10818,2-2-1-1
141,10821,2-2-1-1
141,10823,2-2-1-1
141,10835,2-2-1-1
141,10851,2-2-1-1
141,10856,2-2-1-1
141,10858,2-2-1-1
141,10867,2-2-1-1
141,10874,2-2-1-1
141,10875,2-2-1-1
141,10884,2-2-1-1
141,10885,2-2-1-1
141,10893,2-2-1-1
141,10895,2-2-1-1
141,10907,2-2-1-1
141,10910,2-2-1-1
141,10914,2-2-1-1
141,10917,2-2-1-1
141,10920,2-2-1-1
141,10921,2-2-1-1
141,10927,2-2-1-1
141,10928,2-2-1-1
141,10931,4-1-1-1
141,10932,2-2-1-1
141,10934,2-2-1-1
141,10935,2-2-1-1
141,10936,2-2-1-1
141,10943,2-2-1-1
141,10944,2-2-1-1
141,10949,2-2-1-1
141,10957,2-2-1-1
141,10959,2-2-1-1
141,10960,2-2-1-1
141,10963,2-2-1-1
141,10964,2-2-1-1
141,10968,2-2-1-1
141,10971,2-2-1-1
141,10973,2-2-1-1
141,10974,2-2-1-1
141,10976,2-2-1-1
141,10990,2-2-1-1
141,10992,2-2-1-1
141,10994,2-2-1-1
141,10997,2-2-1-1
141,10998,2-2-1-1
141,11001,2-2-1-1
141,11003,2-2-1-1
141,11005,2-2-1-1
141,11006,2-2-1-1
141,11008,2-2-1-1
141,11012,2-2-1-1
141,11020,2-2-1-1
141,11023,2-2-1-1
141,11024,2-2-1-1
141,11025,2-2-1-1
141,11026,2-2-1-1
141,11031,2-2-1-1
141,11040,2-2-1-1
141,11041,2-2-1-1
141,11046,2-2-1-1
141,11047,2-2-1-1
141,11048,2-2-1-1
141,11055,2-2-1-1
141,11057,2-2-1-1
141,11058,2-2-1-1
141,11064,2-2-1-1
141,11066,2-2-1-1
141,11071,2-2-1-1
141,11072,2-2-1-1
141,11076,2-2-1-1
141,11078,2-2-1-1
141,11085,2-2-1-1
141,11086,2-2-1-1
141,11105,2-2-1-1
141,11108,2-2-1-1
141,11119,2-2-1-1
141,11131,2-2-1-1
141,11132,2-2-1-1
141,11133,2-2-1-1
141,11141,2-2-1-1
141,11174,2-2-1-1
141,11175,2-2-1-1
141,11178,2-2-1-1
141,11179,2-2-1-1
141,11180,2-2-1-1
141,11181,2-2-1-1
141,11185,2-2-1-1
141,11187,2-2-1-1
141,11190,2-2-1-1
141,11195,2-2-1-1
141,11200,3-2-1-1
141,11203,2-2-1-1
141,11205,2-2-1-1
141,11206,2-2-1-1
141,11207,2-2-1-1
141,11210,2-2-1-1
141,11216,2-2-1-1
141,11219,2-2-1-1
141,11223,2-2-1-1
141,11226,2-2-1-1
141,11234,2-2-1-1
141,11236,2-2-1-1
141,11245,2-2-1-1
141,11247,2-2-1-1
141,11248,2-2-1-1
141,11250,4-1-1-1
141,11256,2-2-1-1
141,11257,2-2-1-1
141,11260,1-1-1-1
141,11264,2-2-1-1
141,11275,2-2-1-1
141,11276,2-2-1-1
141,11277,2-2-1-1
141,11281,2-2-1-1
141,11284,2-2-1-1
141,11285,2-2-1-1
141,11286,2-2-1-1
141,11287,2-2-1-1
141,11291,2-2-1-1
141,11293,2-2-1-1
141,11300,2-2-1-1
141,11307,2-2-1-1
141,11309,2-2-1-1
141,11310,2-2-1-1
141,11315,2-2-1-1
141,11321,2-2-1-1
141,11325,2-2-1-1
141,11331,2-2-1-1
141,11336,2-2-1-1
141,11346,2-2-1-1
141,11347,2-2-1-1
141,11348,2-2-1-1
141,11349,2-2-1-1
141,11359,2-2-1-1
141,11363,2-2-1-1
141,11364,2-2-1-1
141,11365,2-2-1-1
141,11366,2-2-1-1
141,11368,2-2-1-1
141,11369,3-2-1-1
141,11373,2-2-1-1
141,11375,2-2-1-1
141,11376,2-2-1-1
141,11377,2-2-1-1
141,11402,2-2-1-1
141,11406,2-2-1-1
141,11411,2-2-1-1
141,11413,2-2-1-1
141,11414,2-2-1-1
141,11416,2-2-1-1
141,11424,2-2-1-1
141,11432,2-2-1-1
141,11438,2-2-1-1
141,11440,2-2-1-1
141,11441,2-2-1-1
141,11445,2-2-1-1
141,11451,2-2-1-1
141,11452,2-2-1-1
141,11455,2-2-1-1
141,11456,2-2-1-1
141,11459,2-2-1-1
141,11460,2-2-1-1
141,11461,1-1-1-1
141,11464,2-2-1-1
141,11469,2-2-1-1
141,11474,2-2-1-1
141,11476,2-2-1-1
141,11478,2-2-1-1
141,11483,2-2-1-1
141,11486,2-2-1-1
141,11487,2-2-1-1
141,11500,2-2-1-1
141,11501,2-2-1-1
141,11504,2-2-1-1
141,11509,2-2-1-1
141,11510,2-2-1-1
141,11511,2-2-1-1
141,11512,2-2-1-1
141,11516,2-2-1-1
141,11523,2-2-1-1
141,11524,2-2-1-1
141,11526,2-2-1-1
141,11528,2-2-1-1
141,11543,2-2-1-1
141,11577,2-2-1-1
141,11580,2-2-1-1
141,11581,2-2-1-1
141,11582,2-2-1-1
141,11588,2-2-1-1
141,11601,2-2-1-1
141,11611,2-2-1-1
141,11623,2-2-1-1
141,11627,2-2-1-1
141,11629,2-2-1-1
141,11637,2-2-1-1
141,11644,2-2-1-1
141,11645,2-2-1-1
141,11647,2-2-1-1
141,11651,2-2-1-1
141,11652,2-2-1-1
141,11660,2-2-1-1
141,11664,2-2-1-1
141,11666,2-2-1-1
141,11674,2-2-1-1
141,11676,2-2-1-1
141,11678,2-2-1-1
141,11679,2-2-1-1
141,11681,2-2-1-1
141,11682,2-2-1-1
141,11683,2-2-1-1
141,11688,2-2-1-1
141,11689,2-2-1-1
141,11695,2-2-1-1
141,11706,2-2-1-1
141,11713,2-2-1-1
141,11719,2-2-1-1
141,11720,2-2-1-1
141,11721,2-2-1-1
141,11723,2-2-1-1
141,11726,3-2-1-1
141,11730,2-2-1-1
141,11732,2-2-1-1
141,11738,2-2-1-1
141,11748,2-2-1-1
141,11760,2-2-1-1
141,11763,2-2-1-1
141,11766,2-2-1-1
141,11768,2-2-1-1
141,11774,2-2-1-1
141,11783,2-2-1-1
141,11786,2-2-1-1
141,11795,2-2-1-1
141,11796,2-2-1-1
141,11798,2-2-1-1
141,11802,2-2-1-1
141,11810,2-2-1-1
141,11813,2-2-1-1
141,11816,2-2-1-1
141,11818,2-2-1-1
141,11822,2-2-1-1
141,11823,2-2-1-1
141,11831,2-2-1-1
141,11833,2-2-1-1
141,11835,2-2-1-1
141,11836,2-2-1-1
141,11837,2-2-1-1
141,11839,2-2-1-1
141,11843,2-2-1-1
141,11846,2-2-1-1
141,11847,2-2-1-1
141,11850,2-2-1-1
141,11856,2-2-1-1
141,11858,2-2-1-1
141,11859,2-2-1-1
141,11863,2-2-1-1
141,11864,2-2-1-1
141,11870,2-2-1-1
141,11874,2-2-1-1
141,11875,2-2-1-1
141,11877,2-2-1-1
141,11882,2-2-1-1
141,11891,2-2-1-1
141,11892,2-2-1-1
141,11901,2-2-1-1
141,11902,2-2-1-1
141,11903,2-2-1-1
141,11904,2-2-1-1
141,11907,2-2-1-1
141,11908,2-2-1-1
141,11914,2-2-1-1
141,11917,2-2-1-1
141,11919,2-2-1-1
141,11921,2-2-1-1
141,11922,2-2-1-1
141,11925,2-2-1-1
141,11929,2-2-1-1
141,11932,2-2-1-1
141,11934,2-2-1-1
141,11939,2-2-1-1
141,11944,2-2-1-1
141,11950,2-2-1-1
141,11953,2-2-1-1
141,11959,2-2-1-1
141,11960,2-2-1-1
141,11961,2-2-1-1
141,11962,2-2-1-1
141,11963,2-2-1-1
141,11969,2-2-1-1
141,11973,2-2-1-1
141,11976,3-2-1-1
141,11982,2-2-1-1
141,11987,2-2-1-1
141,11989,2-2-1-1
141,11993,2-2-1-1
141,11997,2-2-1-1
141,12008,2-2-1-1
141,12009,2-2-1-1
141,12011,2-2-1-1
141,12014,3-2-1-1
141,12016,2-2-1-1
141,12017,3-2-1-1
141,12021,2-2-1-1
141,12023,2-2-1-1
141,12024,2-2-1-1
141,12028,2-2-1-1
141,12034,2-2-1-1
141,12037,2-2-1-1
141,12041,2-2-1-1
141,12050,2-2-1-1
141,12062,2-2-1-1
141,12064,2-2-1-1
141,12068,2-2-1-1
141,12072,2-2-1-1
141,12073,2-2-1-1
141,12075,2-2-1-1
141,12079,2-2-1-1
141,12081,2-2-1-1
141,12084,2-2-1-1
141,12086,2-2-1-1
141,12089,2-2-1-1
141,12090,2-2-1-1
141,12091,4-1-1-1
141,12095,2-2-1-1
141,12097,4-1-1-1
141,12109,2-2-1-1
141,12111,2-2-1-1
141,12118,2-2-1-1
141,12120,2-2-1-1
141,12126,2-2-1-1
141,12127,2-2-1-1
141,12128,2-2-1-1
141,12131,2-2-1-1
141,12133,2-2-1-1
141,12154,2-2-1-1
141,12161,2-2-1-1
141,12164,2-2-1-1
141,12174,2-2-1-1
141,12181,3-2-1-1
141,12183,2-2-1-1
141,12190,2-2-1-1
141,12204,2-2-1-1
141,12208,2-2-1-1
141,12212,2-2-1-1
141,12217,2-2-1-1
141,12222,3-2-1-1
141,12225,2-2-1-1
141,12226,2-2-1-1
141,12238,2-2-1-1
141,12240,2-2-1-1
141,12248,2-2-1-1
141,12249,2-2-1-1
141,12250,2-2-1-1
141,12251,2-2-1-1
141,12254,2-2-1-1
141,12256,2-2-1-1
141,12270,2-2-1-1
141,12276,2-2-1-1
141,12283,2-2-1-1
141,12290,2-2-1-1
141,12297,2-2-1-1
141,12298,2-2-1-1
141,12301,2-2-1-1
141,12313,2-2-1-1
141,12320,2-2-1-1
141,12321,2-2-1-1
141,12331,2-2-1-1
141,12335,2-2-1-1
141,12337,2-2-1-1
141,12340,2-2-1-1
141,12345,2-2-1-1
141,12347,2-2-1-1
141,12352,2-2-1-1
141,12355,3-2-1-1
141,12358,2-2-1-1
141,12361,2-2-1-1
141,12375,2-2-1-1
141,12376,2-2-1-1
141,12377,2-2-1-1
141,12378,2-2-1-1
141,12387,2-2-1-1
141,12388,2-2-1-1
141,12399,2-2-1-1
141,12410,2-2-1-1
141,12422,2-2-1-1
141,12424,3-2-1-1
141,12443,2-2-1-1
141,12454,2-2-1-1
141,12455,2-2-1-1
141,12460,2-2-1-1
141,12462,2-2-1-1
141,12471,2-2-1-1
141,12472,2-2-1-1
141,12482,2-2-1-1
141,12485,2-2-1-1
141,12489,3-2-1-1
141,12490,2-2-1-1
141,12491,2-2-1-1
141,12495,2-2-1-1
141,12497,2-2-1-1
141,12501,2-2-1-1
141,12502,2-2-1-1
141,12505,3-2-1-1
141,12509,2-2-1-1
141,12512,2-2-1-1
141,12513,2-2-1-1
141,12532,2-2-1-1
141,12556,2-2-1-1
141,12558,2-2-1-1
141,12568,2-2-1-1
141,12569,2-2-1-1
141,12570,2-2-1-1
141,12586,2-2-1-1
141,12587,2-2-1-1
141,12590,2-2-1-1
141,12591,2-2-1-1
141,12594,2-2-1-1
141,12597,2-2-1-1
141,12610,2-2-1-1
141,12616,2-2-1-1
141,12636,2-2-1-1
141,12638,2-2-1-1
141,12644,2-2-1-1
141,12654,2-2-1-1
141,12664,2-2-1-1
141,12669,2-2-1-1
141,12673,2-2-1-1
141,12684,2-2-1-1
141,12686,2-2-1-1
141,12691,2-2-1-1
141,12693,2-2-1-1
141,12707,2-2-1-1
141,12709,3-2-1-1
141,12711,2-2-1-1
141,12715,2-2-1-1
141,12717,2-2-1-1
141,12721,2-2-1-1
141,12723,2-2-1-1
141,12726,2-2-1-1
141,12727,2-2-1-1
141,12732,2-2-1-1
141,12736,2-2-1-1
141,12738,2-2-1-1
141,12751,2-2-1-1
141,12754,2-2-1-1
141,12757,2-2-1-1
141,12760,2-2-1-1
141,12777,2-2-1-1
141,12779,2-2-1-1
141,12783,2-2-1-1
141,12789,4-1-1-1
141,12791,2-2-1-1
141,12794,2-2-1-1
141,12795,2-2-1-1
141,12799,3-2-1-1
141,12806,2-2-1-1
141,12809,3-2-1-1
141,12816,2-2-1-1
141,12832,2-2-1-1
141,12836,2-2-1-1
141,12837,2-2-1-1
141,12853,2-2-1-1
141,12859,2-2-1-1
141,12863,2-2-1-1
141,12865,2-2-1-1
141,12873,2-2-1-1
141,12886,2-2-1-1
141,12889,2-2-1-1
141,12891,2-2-1-1
141,12905,2-2-1-1
141,12909,2-2-1-1
141,12912,2-2-1-1
141,12915,2-2-1-1
141,12921,2-2-1-1
141,12926,2-2-1-1
141,12928,2-2-1-1
141,12942,2-2-1-1
141,12944,2-2-1-1
141,12945,2-2-1-1
141,12948,2-2-1-1
141,12955,2-2-1-1
141,12958,2-2-1-1
141,12959,2-2-1-1
141,12961,2-2-1-1
141,12963,2-2-1-1
141,12964,2-2-1-1
141,12966,2-2-1-1
141,12968,2-2-1-1
141,12969,2-2-1-1
141,12974,2-2-1-1
141,12983,2-2-1-1
141,12987,2-2-1-1
141,12990,2-2-1-1
141,12991,2-2-1-1
141,12997,2-2-1-1
141,12999,2-2-1-1
141,13000,2-2-1-1
141,13008,2-2-1-1
141,13016,2-2-1-1
141,13020,2-2-1-1
141,13030,2-2-1-1
141,13036,2-2-1-1
141,13037,2-2-1-1
141,13039,2-2-1-1
141,13051,2-2-1-1
141,13053,2-2-1-1
141,13061,2-2-1-1
141,13063,2-2-1-1
141,13082,2-2-1-1
141,13084,2-2-1-1
141,13088,2-2-1-1
141,13090,2-2-1-1
141,13091,2-2-1-1
141,13096,2-2-1-1
141,13097,2-2-1-1
141,13098,2-2-1-1
141,13103,2-2-1-1
141,13107,2-2-1-1
141,13109,2-2-1-1
141,13113,2-2-1-1
141,13114,2-2-1-1
141,13117,2-2-1-1
141,13119,2-2-1-1
141,13123,2-2-1-1
141,13137,2-2-1-1
141,13138,2-2-1-1
141,13139,2-2-1-1
141,13141,2-2-1-1
141,13143,2-2-1-1
141,13145,2-2-1-1
141,13146,2-2-1-1
141,13148,3-2-1-1
141,13152,2-2-1-1
141,13153,2-2-1-1
141,13156,2-2-1-1
141,13159,2-2-1-1
141,13166,2-2-1-1
141,13169,2-2-1-1
141,13174,2-2-1-1
141,13182,2-2-1-1
141,13188,2-2-1-1
141,13195,2-2-1-1
141,13210,3-2-1-1
141,13211,2-2-1-1
141,13218,2-2-1-1
141,13221,2-2-1-1
141,13223,2-2-1-1
141,13228,2-2-1-1
141,13233,2-2-1-1
141,13236,2-2-1-1
141,13237,2-2-1-1
141,13238,2-2-1-1
141,13240,2-2-1-1
141,13247,2-2-1-1
141,13255,2-2-1-1
141,13257,2-2-1-1
141,13258,2-2-1-1
141,13260,2-2-1-1
141,13263,2-2-1-1
141,13267,2-2-1-1
141,13272,2-2-1-1
141,13281,2-2-1-1
141,13283,2-2-1-1
141,13286,2-2-1-1
141,13287,2-2-1-1
141,13306,2-2-1-1
141,13309,2-2-1-1
141,13310,2-2-1-1
141,13320,2-2-1-1
141,13335,2-2-1-1
141,13337,2-2-1-1
141,13341,2-2-1-1
141,13342,2-2-1-1
141,13344,2-2-1-1
141,13348,2-2-1-1
141,13352,2-2-1-1
141,13353,2-2-1-1
141,13385,2-2-1-1
141,13394,2-2-1-1
141,13397,2-2-1-1
141,13400,2-2-1-1
141,13402,2-2-1-1
141,13412,2-2-1-1
141,13416,2-2-1-1
141,13422,2-2-1-1
141,13429,2-2-1-1
141,13432,2-2-1-1
141,13437,2-2-1-1
141,13438,2-2-1-1
141,13445,2-2-1-1
141,13448,2-2-1-1
141,13449,2-2-1-1
141,13451,2-2-1-1
141,13453,2-2-1-1
141,13454,2-2-1-1
141,13456,2-2-1-1
141,13458,2-2-1-1
141,13461,2-2-1-1
141,13466,2-2-1-1
141,13469,2-2-1-1
141,13481,2-2-1-1
141,13482,2-2-1-1
141,13484,2-2-1-1
141,13486,2-2-1-1
141,13492,2-2-1-1
141,13494,2-2-1-1
141,13504,2-2-1-1
141,13509,2-2-1-1
141,13510,2-2-1-1
141,13514,2-2-1-1
141,13520,2-2-1-1
141,13523,2-2-1-1
141,13526,2-2-1-1
141,13533,2-2-1-1
141,13551,2-2-1-1
141,13555,2-2-1-1
141,13557,2-2-1-1
141,13562,2-2-1-1
141,13564,2-2-1-1
141,13568,2-2-1-1
141,13573,2-2-1-1
141,13584,2-2-1-1
141,13588,2-2-1-1
141,13591,2-2-1-1
141,13595,2-2-1-1
141,13600,2-2-1-1
141,13602,2-2-1-1
141,13604,2-2-1-1
141,13605,2-2-1-1
141,13606,2-2-1-1
141,13614,2-2-1-1
141,13617,2-2-1-1
141,13620,2-2-1-1
141,13635,2-2-1-1
141,13636,2-2-1-1
141,13638,2-2-1-1
141,13639,2-2-1-1
141,13640,2-2-1-1
141,13641,2-2-1-1
141,13647,2-2-1-1
141,13653,2-2-1-1
141,13655,2-2-1-1
141,13657,2-2-1-1
141,13658,2-2-1-1
141,13661,2-2-1-1
141,13670,2-2-1-1
141,13672,2-2-1-1
141,13673,2-2-1-1
141,13674,2-2-1-1
141,13675,2-2-1-1
141,13677,2-2-1-1
141,13696,2-2-1-1
141,13698,2-2-1-1
141,13699,2-2-1-1
141,13700,2-2-1-1
141,13702,3-2-1-1
141,13723,2-2-1-1
141,13727,2-2-1-1
141,13738,2-2-1-1
141,13741,2-2-1-1
141,13751,2-2-1-1
141,13752,2-2-1-1
141,13753,2-2-1-1
141,13754,2-2-1-1
141,13756,2-2-1-1
141,13761,2-2-1-1
141,13770,2-2-1-1
141,13775,2-2-1-1
141,13780,2-2-1-1
141,13784,2-2-1-1
141,13785,2-2-1-1
141,13794,2-2-1-1
141,13811,2-2-1-1
141,13821,2-2-1-1
141,13822,2-2-1-1
141,13843,2-2-1-1
141,13844,2-2-1-1
141,13846,2-2-1-1
141,13848,2-2-1-1
141,13852,2-2-1-1
141,13854,2-2-1-1
141,13858,2-2-1-1
141,13860,2-2-1-1
141,13862,2-2-1-1
141,13864,2-2-1-1
141,13867,2-2-1-1
141,13869,2-2-1-1
141,13874,2-2-1-1
141,13880,2-2-1-1
141,13887,2-2-1-1
141,13892,2-2-1-1
141,13899,2-2-1-1
141,13900,2-2-1-1
141,13901,2-2-1-1
141,13906,2-2-1-1
141,13909,2-2-1-1
141,13910,2-2-1-1
141,13913,2-2-1-1
141,13918,2-2-1-1
141,13919,2-2-1-1
141,13920,2-2-1-1
141,13933,2-2-1-1
141,13934,2-2-1-1
141,13952,2-2-1-1
141,13964,2-2-1-1
141,13965,2-2-1-1
141,13967,2-2-1-1
141,13973,2-2-1-1
141,13975,2-2-1-1
141,13976,2-2-1-1
141,13983,2-2-1-1
141,13991,2-2-1-1
141,13992,2-2-1-1
141,13995,2-2-1-1
141,13996,2-2-1-1
141,13999,2-2-1-1
141,14002,2-2-1-1
141,14003,2-2-1-1
141,14004,2-2-1-1
141,14007,2-2-1-1
141,14008,2-2-1-1
141,14009,2-2-1-1
141,14012,2-2-1-1
141,14017,2-2-1-1
141,14022,2-2-1-1
141,14024,2-2-1-1
141,14026,2-2-1-1
141,14029,2-2-1-1
141,14030,2-2-1-1
141,14031,2-2-1-1
141,14044,2-2-1-1
141,14048,2-2-1-1
141,14049,2-2-1-1
141,14067,2-2-1-1
141,14073,2-2-1-1
141,14074,2-2-1-1
141,14080,2-2-1-1
141,14083,2-2-1-1
141,14086,2-2-1-1
141,14088,2-2-1-1
141,14102,2-2-1-1
141,14112,2-2-1-1
141,14114,2-2-1-1
141,14115,2-2-1-1
141,14119,2-2-1-1
141,14122,2-2-1-1
141,14125,2-2-1-1
141,14128,2-2-1-1
141,14130,2-2-1-1
141,14133,2-2-1-1
141,14139,2-2-1-1
141,14142,2-2-1-1
141,14144,2-2-1-1
141,14145,2-2-1-1
141,14146,2-2-1-1
141,14151,2-2-1-1
141,14154,2-2-1-1
141,14155,2-2-1-1
141,14156,2-2-1-1
141,14159,2-2-1-1
141,14160,2-2-1-1
141,14163,2-2-1-1
141,14167,2-2-1-1
141,14170,2-2-1-1
141,14176,2-2-1-1
141,14177,2-2-1-1
141,14185,2-2-1-1
141,14189,2-2-1-1
141,14190,2-2-1-1
141,14198,2-2-1-1
141,14202,2-2-1-1
141,14207,2-2-1-1
141,14208,2-2-1-1
141,14215,2-2-1-1
141,14217,2-2-1-1
141,14218,2-2-1-1
141,14221,2-2-1-1
141,14230,2-2-1-1
141,14231,2-2-1-1
141,14244,2-2-1-1
141,14246,2-2-1-1
141,14252,2-2-1-1
141,14257,2-2-1-1
141,14264,2-2-1-1
141,14265,3-2-1-1
141,14284,2-2-1-1
141,14288,2-2-1-1
141,14293,2-2-1-1
141,14297,2-2-1-1
141,14298,2-2-1-1
141,14306,2-2-1-1
141,14307,3-2-1-1
141,14315,2-2-1-1
141,14318,2-2-1-1
141,14327,2-2-1-1
141,14337,2-2-1-1
141,14345,2-2-1-1
141,14349,2-2-1-1
141,14351,2-2-1-1
141,14356,2-2-1-1
141,14357,2-2-1-1
141,14360,1-1-1-1
141,14368,2-2-1-1
141,14374,1-1-1-1
141,14380,3-2-1-1
141,14382,2-2-1-1
141,14383,2-2-1-1
141,14384,2-2-1-1
141,14385,2-2-1-1
141,14386,2-2-1-1
141,14388,2-2-1-1
141,14393,2-2-1-1
141,14394,2-2-1-1
141,14395,2-2-1-1
141,14396,2-2-1-1
141,14400,2-2-1-1
141,14406,2-2-1-1
141,14410,2-2-1-1
141,14421,2-2-1-1
141,14423,2-2-1-1
141,14426,2-2-1-1
141,14427,2-2-1-1
141,14430,2-2-1-1
141,14444,2-2-1-1
141,14450,2-2-1-1
141,14454,2-2-1-1
141,14459,2-2-1-1
141,14461,2-2-1-1
141,14466,2-2-1-1
141,14476,2-2-1-1
141,14477,2-2-1-1
141,14478,2-2-1-1
141,14479,2-2-1-1
141,14480,2-2-1-1
141,14501,2-2-1-1
141,14506,2-2-1-1
141,14509,2-2-1-1
141,14512,2-2-1-1
141,14515,2-2-1-1
141,14520,2-2-1-1
141,14522,2-2-1-1
141,14523,2-2-1-1
141,14536,2-2-1-1
141,14538,2-2-1-1
141,14544,2-2-1-1
141,14552,2-2-1-1
141,14554,1-1-1-1
141,14556,2-2-1-1
141,14560,2-2-1-1
141,14564,2-2-1-1
141,14565,2-2-1-1
141,14566,2-2-1-1
141,14568,2-2-1-1
141,14569,2-2-1-1
141,14572,2-2-1-1
141,14575,2-2-1-1
141,14579,2-2-1-1
141,14581,2-2-1-1
141,14582,2-2-1-1
141,14587,2-2-1-1
141,14593,2-2-1-1
141,14595,2-2-1-1
141,14600,2-2-1-1
141,14602,2-2-1-1
141,14614,2-2-1-1
141,14615,2-2-1-1
141,14620,3-2-1-1
141,14622,2-2-1-1
141,14631,2-2-1-1
141,14632,2-2-1-1
141,14634,2-2-1-1
141,14637,2-2-1-1
141,14639,2-2-1-1
141,14642,2-2-1-1
141,14648,2-2-1-1
141,14649,2-2-1-1
141,14654,2-2-1-1
141,14655,2-2-1-1
141,14657,2-2-1-1
141,14659,2-2-1-1
141,14662,2-2-1-1
141,14664,2-2-1-1
141,14668,2-2-1-1
141,14671,2-2-1-1
141,14676,2-2-1-1
141,14678,2-2-1-1
141,14679,2-2-1-1
141,14682,2-2-1-1
141,14683,2-2-1-1
141,14695,2-2-1-1
141,14708,2-2-1-1
141,14713,2-2-1-1
141,14718,1-1-1-1
141,14721,2-2-1-1
141,14722,2-2-1-1
141,14733,2-2-1-1
141,14734,2-2-1-1
141,14735,2-2-1-1
141,14736,2-2-1-1
141,14750,2-2-1-1
141,14755,2-2-1-1
141,14756,2-2-1-1
141,14764,2-2-1-1
141,14765,2-2-1-1
141,14767,2-2-1-1
141,14768,2-2-1-1
141,14769,2-2-1-1
141,14773,2-2-1-1
141,14780,2-2-1-1
141,14784,2-2-1-1
141,14788,2-2-1-1
141,14789,2-2-1-1
141,14791,2-2-1-1
141,14792,2-2-1-1
141,14793,2-2-1-1
141,14794,2-2-1-1
141,14795,2-2-1-1
141,14798,2-2-1-1
141,14803,2-2-1-1
141,14804,2-2-1-1
141,14805,2-2-1-1
141,14807,2-2-1-1
141,14815,2-2-1-1
141,14822,3-2-1-1
141,14829,2-2-1-1
141,14832,2-2-1-1
141,14841,4-1-1-1
141,14842,4-1-1-1
141,14844,2-2-1-1
141,14845,2-2-1-1
141,14846,2-2-1-1
141,14853,2-2-1-1
141,14855,2-2-1-1
141,14859,2-2-1-1
141,14866,2-2-1-1
141,14867,2-2-1-1
141,14868,2-2-1-1
141,14879,2-2-1-1
141,14891,2-2-1-1
141,14903,2-2-1-1
141,14906,2-2-1-1
141,14907,2-2-1-1
141,14919,2-2-1-1
141,14924,2-2-1-1
141,14928,2-2-1-1
141,14931,2-2-1-1
141,14937,2-2-1-1
141,14952,2-2-1-1
141,14957,2-2-1-1
141,14961,2-2-1-1
141,14966,2-2-1-1
141,14970,2-2-1-1
141,14972,2-2-1-1
141,14973,2-2-1-1
141,14976,3-2-1-1
141,14983,2-2-1-1
141,14985,2-2-1-1
141,14987,2-2-1-1
141,14991,2-2-1-1
141,14995,2-2-1-1
141,14997,1-1-1-1
141,15000,2-2-1-1
141,15001,2-2-1-1
141,15003,1-1-1-1
141,15009,2-2-1-1
141,15010,2-2-1-1
141,15011,2-2-1-1
141,15012,2-2-1-1
141,15015,2-2-1-1
141,15016,2-2-1-1
141,15018,2-2-1-1
141,15019,2-2-1-1
141,15025,2-2-1-1
141,15033,2-2-1-1
141,15042,1-1-1-1
141,15047,2-2-1-1
141,15050,2-2-1-1
141,15054,3-2-1-1
141,15055,2-2-1-1
141,15057,2-2-1-1
141,15061,2-2-1-1
141,15075,2-2-1-1
141,15090,2-2-1-1
141,15091,2-2-1-1
141,15094,2-2-1-1
141,15097,2-2-1-1
141,15102,2-2-1-1
141,15109,2-2-1-1
141,15131,2-2-1-1
141,15134,1-1-1-1
141,15135,2-2-1-1
141,15139,2-2-1-1
141,15144,2-2-1-1
141,15150,2-2-1-1
141,15154,2-2-1-1
141,15158,2-2-1-1
141,15166,2-2-1-1
141,15171,3-2-1-1
141,15173,2-2-1-1
141,15175,2-2-1-1
141,15185,2-2-1-1
141,15188,2-2-1-1
141,15197,2-2-1-1
141,15199,2-2-1-1
141,15201,2-2-1-1
141,15202,2-2-1-1
141,15205,2-2-1-1
141,15209,1-1-1-1
141,15213,2-2-1-1
141,15214,2-2-1-1
141,15216,2-2-1-1
141,15217,2-2-1-1
141,15222,2-2-1-1
141,15223,2-2-1-1
141,15229,2-2-1-1
141,15230,2-2-1-1
141,15236,2-2-1-1
141,15237,2-2-1-1
141,15250,2-2-1-1
141,15256,2-2-1-1
141,15261,2-2-1-1
141,15262,2-2-1-1
141,15263,2-2-1-1
141,15267,2-2-1-1
141,15268,2-2-1-1
141,15269,2-2-1-1
141,15278,2-2-1-1
141,15283,2-2-1-1
141,15284,2-2-1-1
141,15286,2-2-1-1
141,15290,2-2-1-1
141,15294,2-2-1-1
141,15298,2-2-1-1
141,15301,2-2-1-1
141,15302,2-2-1-1
141,15303,2-2-1-1
141,15304,2-2-1-1
141,15305,2-2-1-1
141,15311,2-2-1-1
141,15312,2-2-1-1
141,15314,2-2-1-1
141,15319,2-2-1-1
141,15324,2-2-1-1
141,15332,2-2-1-1
141,15336,2-2-1-1
141,15347,2-2-1-1
141,15348,2-2-1-1
141,15353,1-1-1-1
141,15354,4-1-1-1
141,15355,4-1-1-1
141,15356,2-2-1-1
141,15358,2-2-1-1
141,15359,2-2-1-1
141,15360,2-2-1-1
141,15365,2-2-1-1
141,15367,2-2-1-1
141,15368,3-2-1-1
141,15374,2-2-1-1
141,15377,2-2-1-1
141,15389,4-1-1-1
141,15393,2-2-1-1
141,15401,2-2-1-1
141,15419,2-2-1-1
141,15424,2-2-1-1
141,15428,2-2-1-1
141,15430,2-2-1-1
141,15431,2-2-1-1
141,15432,2-2-1-1
141,15434,2-2-1-1
141,15438,2-2-1-1
141,15444,2-2-1-1
141,15448,4-1-1-1
141,15452,2-2-1-1
141,15456,2-2-1-1
141,15458,2-2-1-1
141,15460,2-2-1-1
141,15463,2-2-1-1
141,15464,2-2-1-1
141,15486,2-2-1-1
141,15491,2-2-1-1
141,15492,2-2-1-1
141,15495,2-2-1-1
141,15497,2-2-1-1
141,15498,2-2-1-1
141,15500,2-2-1-1
141,15501,2-2-1-1
141,15507,2-2-1-1
141,15508,2-2-1-1
141,15512,2-2-1-1
141,15514,2-2-1-1
141,15515,2-2-1-1
141,15519,2-2-1-1
141,15527,2-2-1-1
141,15528,2-2-1-1
141,15529,2-2-1-1
141,15535,2-2-1-1
141,15537,2-2-1-1
141,15538,2-2-1-1
141,15539,2-2-1-1
141,15541,2-2-1-1
141,15547,2-2-1-1
141,15548,2-2-1-1
141,15551,2-2-1-1
141,15554,2-2-1-1
141,15555,2-2-1-1
141,15562,2-2-1-1
141,15565,2-2-1-1
141,15566,2-2-1-1
141,15570,2-2-1-1
141,15571,3-2-1-1
141,15579,2-2-1-1
141,15583,2-2-1-1
141,15592,2-2-1-1
141,15593,2-2-1-1
141,15594,2-2-1-1
141,15595,2-2-1-1
141,15596,2-2-1-1
141,15599,2-2-1-1
141,15602,2-2-1-1
141,15611,2-2-1-1
141,15613,2-2-1-1
141,15628,2-2-1-1
141,15629,2-2-1-1
141,15630,2-2-1-1
141,15633,2-2-1-1
141,15636,2-2-1-1
141,15637,2-2-1-1
141,15640,3-2-1-1
141,15642,2-2-1-1
141,15644,2-2-1-1
141,15645,3-2-1-1
141,15646,2-2-1-1
141,15649,2-2-1-1
141,15654,2-2-1-1
141,15655,2-2-1-1
141,15665,3-2-1-1
141,15666,2-2-1-1
141,15667,2-2-1-1
141,15668,2-2-1-1
141,15669,2-2-1-1
141,15671,2-2-1-1
141,15672,2-2-1-1
141,15673,2-2-1-1
141,15674,2-2-1-1
141,15675,2-2-1-1
141,15680,2-2-1-1
141,15686,2-2-1-1
141,15687,2-2-1-1
141,15688,2-2-1-1
141,15699,2-2-1-1
141,15700,2-2-1-1
141,15704,2-2-1-1
141,15710,2-2-1-1
141,15712,2-2-1-1
141,15713,2-2-1-1
141,15715,2-2-1-1
141,15734,3-2-1-1
141,15735,3-2-1-1
141,15738,2-2-1-1
141,15739,2-2-1-1
141,15748,2-2-1-1
141,15753,2-2-1-1
141,15757,2-2-1-1
141,15758,2-2-1-1
141,15761,2-2-1-1
141,15764,2-2-1-1
141,15765,2-2-1-1
141,15770,2-2-1-1
141,15772,2-2-1-1
141,15780,3-2-1-1
141,15785,3-2-1-1
141,15788,2-2-1-1
141,15791,2-2-1-1
141,15793,2-2-1-1
141,15795,2-2-1-1
141,15808,2-2-1-1
141,15815,2-2-1-1
141,15816,2-2-1-1
141,15817,2-2-1-1
141,15819,2-2-1-1
141,15821,2-2-1-1
141,15829,2-2-1-1
141,15834,2-2-1-1
141,15838,2-2-1-1
141,15840,2-2-1-1
141,15841,2-2-1-1
141,15844,2-2-1-1
141,15857,2-2-1-1
141,15876,2-2-1-1
141,15879,2-2-1-1
141,15880,2-2-1-1
141,15881,2-2-1-1
141,15888,2-2-1-1
141,15891,2-2-1-1
141,15897,2-2-1-1
141,15898,2-2-1-1
141,15899,2-2-1-1
141,15900,2-2-1-1
141,15910,2-2-1-1
141,15911,2-2-1-1
141,15916,2-2-1-1
141,15926,2-2-1-1
141,15927,2-2-1-1
141,15931,2-2-1-1
141,15938,2-2-1-1
141,15943,2-2-1-1
141,15951,2-2-1-1
141,15953,2-2-1-1
141,15954,2-2-1-1
141,15961,2-2-1-1
141,15964,2-2-1-1
141,15966,2-2-1-1
141,15969,2-2-1-1
141,15972,2-2-1-1
141,15973,2-2-1-1
141,15976,2-2-1-1
141,15991,2-2-1-1
141,15996,2-2-1-1
141,16008,2-2-1-1
141,16010,2-2-1-1
141,16011,2-2-1-1
141,16014,2-2-1-1
141,16026,2-2-1-1
141,16027,2-2-1-1
141,16029,2-2-1-1
141,16030,2-2-1-1
141,16036,2-2-1-1
141,16043,2-2-1-1
141,16051,2-2-1-1
141,16055,2-2-1-1
141,16064,2-2-1-1
141,16077,2-2-1-1
141,16082,2-2-1-1
141,16086,2-2-1-1
141,16089,2-2-1-1
141,16090,2-2-1-1
141,16092,2-2-1-1
141,16093,2-2-1-1
141,16102,2-2-1-1
141,16105,2-2-1-1
141,16112,2-2-1-1
141,16119,2-2-1-1
141,16130,2-2-1-1
141,16141,2-2-1-1
141,16148,2-2-1-1
141,16151,2-2-1-1
141,16152,2-2-1-1
141,16154,2-2-1-1
141,16160,1-1-1-1
141,16161,2-2-1-1
141,16169,2-2-1-1
141,16171,2-2-1-1
141,16176,2-2-1-1
141,16178,2-2-1-1
141,16183,2-2-1-1
141,16189,2-2-1-1
141,16197,2-2-1-1
141,16199,2-2-1-1
141,16213,2-2-1-1
141,16221,2-2-1-1
141,16225,2-2-1-1
141,16229,2-2-1-1
141,16233,2-2-1-1
141,16235,2-2-1-1
141,16236,2-2-1-1
141,16238,2-2-1-1
141,16249,2-2-1-1
141,16251,2-2-1-1
141,16256,2-2-1-1
141,16259,2-2-1-1
141,16260,2-2-1-1
141,16261,2-2-1-1
141,16265,2-2-1-1
141,16270,2-2-1-1
141,16274,2-2-1-1
141,16282,2-2-1-1
141,16291,2-2-1-1
141,16293,2-2-1-1
141,16306,2-2-1-1
141,16329,2-2-1-1
141,16331,2-2-1-1
141,16345,2-2-1-1
141,16347,2-2-1-1
141,16349,2-2-1-1
141,16350,2-2-1-1
141,16353,2-2-1-1
141,16360,2-2-1-1
141,16361,2-2-1-1
141,16366,2-2-1-1
141,16370,2-2-1-1
141,16375,2-2-1-1
141,16383,2-2-1-1
141,16388,2-2-1-1
141,16396,2-2-1-1
141,16400,2-2-1-1
141,16403,2-2-1-1
141,16405,2-2-1-1
141,16411,2-2-1-1
141,16415,2-2-1-1
141,16419,2-2-1-1
141,16420,2-2-1-1
141,16423,2-2-1-1
141,16424,2-2-1-1
141,16431,2-2-1-1
141,16439,2-2-1-1
141,16443,2-2-1-1
141,16444,2-2-1-1
141,16446,2-2-1-1
141,16457,2-2-1-1
141,16461,2-2-1-1
141,16465,2-2-1-1
141,16466,2-2-1-1
141,16467,2-2-1-1
141,16491,2-2-1-1
141,16492,2-2-1-1
141,16497,2-2-1-1
141,16500,2-2-1-1
141,16504,2-2-1-1
141,16515,2-2-1-1
141,16526,2-2-1-1
141,16527,2-2-1-1
141,16531,2-2-1-1
141,16534,2-2-1-1
141,16548,2-2-1-1
141,16549,2-2-1-1
141,16551,2-2-1-1
141,16554,2-2-1-1
141,16558,2-2-1-1
141,16559,2-2-1-1
141,16562,2-2-1-1
141,16566,2-2-1-1
141,16571,2-2-1-1
141,16580,2-2-1-1
141,16582,2-2-1-1
141,16584,2-2-1-1
141,16589,2-2-1-1
141,16590,2-2-1-1
141,16597,2-2-1-1
141,16598,2-2-1-1
141,16600,2-2-1-1
141,16603,2-2-1-1
141,16614,2-2-1-1
141,16615,2-2-1-1
141,16621,2-2-1-1
141,16624,1-1-1-1
141,16626,2-2-1-1
141,16629,2-2-1-1
141,16630,2-2-1-1
141,16635,2-2-1-1
141,16643,2-2-1-1
141,16644,2-2-1-1
141,16646,2-2-1-1
141,16648,2-2-1-1
141,16650,2-2-1-1
141,16666,2-2-1-1
141,16671,2-2-1-1
141,16672,2-2-1-1
141,16674,2-2-1-1
141,16688,2-2-1-1
141,16689,2-2-1-1
141,16692,2-2-1-1
141,16693,4-1-1-1
141,16695,3-2-1-1
141,16697,2-2-1-1
141,16704,2-2-1-1
141,16706,2-2-1-1
141,16708,2-2-1-1
141,16716,2-2-1-1
141,16719,2-2-1-1
141,16728,2-2-1-1
141,16730,2-2-1-1
141,16741,2-2-1-1
141,16749,2-2-1-1
141,16754,2-2-1-1
141,16755,2-2-1-1
141,16768,2-2-1-1
141,16773,2-2-1-1
141,16779,2-2-1-1
141,16781,2-2-1-1
141,16785,2-2-1-1
141,16791,2-2-1-1
141,16792,2-2-1-1
141,16793,2-2-1-1
141,16798,2-2-1-1
141,16799,2-2-1-1
141,16805,2-2-1-1
141,16808,2-2-1-1
141,16815,2-2-1-1
141,16818,2-2-1-1
141,16830,2-2-1-1
141,16833,2-2-1-1
141,16840,2-2-1-1
141,16841,2-2-1-1
141,16843,2-2-1-1
141,16845,2-2-1-1
141,16848,2-2-1-1
141,16849,2-2-1-1
141,16851,2-2-1-1
141,16854,2-2-1-1
141,16859,2-2-1-1
141,16865,2-2-1-1
141,16875,2-2-1-1
141,16882,2-2-1-1
141,16885,2-2-1-1
141,16888,2-2-1-1
141,16889,2-2-1-1
141,16892,2-2-1-1
141,16894,2-2-1-1
141,16908,2-2-1-1
141,16912,2-2-1-1
141,16913,2-2-1-1
141,16915,2-2-1-1
141,16919,2-2-1-1
141,16930,2-2-1-1
141,16933,2-2-1-1
141,16939,2-2-1-1
141,16950,2-2-1-1
141,16951,2-2-1-1
141,16959,2-2-1-1
141,16965,2-2-1-1
141,16968,2-2-1-1
141,16970,1-1-1-1
141,16971,2-2-1-1
141,16975,2-2-1-1
141,16981,2-2-1-1
141,16987,2-2-1-1
141,16988,2-2-1-1
141,16989,2-2-1-1
141,16990,2-2-1-1
141,16997,2-2-1-1
141,16999,2-2-1-1
141,17002,2-2-1-1
141,17005,2-2-1-1
141,17009,2-2-1-1
141,17010,2-2-1-1
141,17012,2-2-1-1
141,17014,2-2-1-1
141,17017,2-2-1-1
141,17023,2-2-1-1
141,17028,2-2-1-1
141,17035,2-2-1-1
141,17037,2-2-1-1
141,17038,2-2-1-1
141,17039,2-2-1-1
141,17043,2-2-1-1
141,17044,2-2-1-1
141,17061,2-2-1-1
141,17065,2-2-1-1
141,17066,2-2-1-1
141,17068,2-2-1-1
141,17069,1-1-1-1
141,17070,3-2-1-1
141,17074,2-2-1-1
141,17076,2-2-1-1
141,17078,2-2-1-1
141,17082,2-2-1-1
141,17084,2-2-1-1
141,17086,2-2-1-1
141,17093,2-2-1-1
141,17098,2-2-1-1
141,17099,2-2-1-1
141,17105,2-2-1-1
141,17109,2-2-1-1
141,17112,2-2-1-1
141,17114,2-2-1-1
141,17115,2-2-1-1
141,17117,2-2-1-1
141,17120,2-2-1-1
141,17122,2-2-1-1
141,17124,2-2-1-1
141,17138,2-2-1-1
141,17141,2-2-1-1
141,17159,2-2-1-1
141,17167,2-2-1-1
141,17168,2-2-1-1
141,17177,2-2-1-1
141,17179,2-2-1-1
141,17192,2-2-1-1
141,17197,2-2-1-1
141,17200,2-2-1-1
141,17217,2-2-1-1
141,17219,2-2-1-1
141,17223,2-2-1-1
141,17224,2-2-1-1
141,17227,2-2-1-1
141,17228,2-2-1-1
141,17230,2-2-1-1
141,17233,2-2-1-1
141,17234,2-2-1-1
141,17235,2-2-1-1
141,17236,2-2-1-1
141,17237,2-2-1-1
141,17238,2-2-1-1
141,17239,2-2-1-1
141,17242,2-2-1-1
141,17243,2-2-1-1
141,17244,2-2-1-1
141,17250,2-2-1-1
141,17263,2-2-1-1
141,17285,2-2-1-1
141,17287,2-2-1-1
141,17300,2-2-1-1
141,17301,2-2-1-1
141,17314,2-2-1-1
141,17316,2-2-1-1
141,17317,2-2-1-1
141,17329,2-2-1-1
141,17343,2-2-1-1
141,17345,2-2-1-1
141,17347,2-2-1-1
141,17351,2-2-1-1
141,17352,2-2-1-1
141,17361,2-2-1-1
141,17365,2-2-1-1
141,17366,2-2-1-1
141,17368,2-2-1-1
141,17379,2-2-1-1
141,17381,2-2-1-1
141,17382,2-2-1-1
141,17383,2-2-1-1
141,17395,2-2-1-1
141,17399,2-2-1-1
141,17403,2-2-1-1
141,17406,2-2-1-1
141,17407,2-2-1-1
141,17409,2-2-1-1
141,17411,2-2-1-1
141,17413,2-2-1-1
141,17420,2-2-1-1
141,17423,2-2-1-1
141,17424,2-2-1-1
141,17427,3-2-1-1
141,17430,2-2-1-1
141,17439,2-2-1-1
141,17447,2-2-1-1
141,17455,2-2-1-1
141,17456,2-2-1-1
141,17458,2-2-1-1
141,17469,2-2-1-1
141,17477,2-2-1-1
141,17478,2-2-1-1
141,17479,2-2-1-1
141,17484,2-2-1-1
141,17487,2-2-1-1
141,17491,2-2-1-1
141,17493,2-2-1-1
141,17504,2-2-1-1
141,17509,2-2-1-1
141,17510,2-2-1-1
141,17517,2-2-1-1
141,17522,3-2-1-1
141,17524,2-2-1-1
141,17525,2-2-1-1
141,17526,2-2-1-1
141,17538,2-2-1-1
141,17539,2-2-1-1
141,17540,2-2-1-1
141,17542,2-2-1-1
141,17547,2-2-1-1
141,17548,2-2-1-1
141,17550,2-2-1-1
141,17572,2-2-1-1
141,17575,2-2-1-1
141,17581,2-2-1-1
141,17586,2-2-1-1
141,17587,2-2-1-1
141,17596,2-2-1-1
141,17603,2-2-1-1
141,17604,2-2-1-1
141,17605,2-2-1-1
141,17606,2-2-1-1
141,17608,2-2-1-1
141,17611,2-2-1-1
141,17613,2-2-1-1
141,17615,2-2-1-1
141,17620,2-2-1-1
141,17623,2-2-1-1
141,17624,2-2-1-1
141,17627,2-2-1-1
141,17629,2-2-1-1
141,17631,2-2-1-1
141,17645,2-2-1-1
141,17650,2-2-1-1
141,17654,2-2-1-1
141,17662,2-2-1-1
141,17667,2-2-1-1
141,17674,2-2-1-1
141,17679,2-2-1-1
141,17680,2-2-1-1
141,17688,2-2-1-1
141,17689,2-2-1-1
141,17696,2-2-1-1
141,17698,2-2-1-1
141,17703,2-2-1-1
141,17706,2-2-1-1
141,17708,2-2-1-1
141,17725,2-2-1-1
141,17727,2-2-1-1
141,17730,2-2-1-1
141,17732,2-2-1-1
141,17735,2-2-1-1
141,17738,2-2-1-1
141,17748,2-2-1-1
141,17749,2-2-1-1
141,17752,2-2-1-1
141,17754,2-2-1-1
141,17759,2-2-1-1
141,17761,2-2-1-1
141,17764,2-2-1-1
141,17767,2-2-1-1
141,17768,2-2-1-1
141,17775,2-2-1-1
141,17776,2-2-1-1
141,17780,2-2-1-1
141,17781,2-2-1-1
141,17785,2-2-1-1
141,17789,2-2-1-1
141,17795,2-2-1-1
141,17796,2-2-1-1
141,17797,2-2-1-1
141,17809,2-2-1-1
141,17813,2-2-1-1
141,17828,2-2-1-1
141,17830,2-2-1-1
141,17848,2-2-1-1
141,17853,2-2-1-1
141,17857,2-2-1-1
141,17864,2-2-1-1
141,17875,2-2-1-1
141,17876,2-2-1-1
141,17887,2-2-1-1
141,17890,2-2-1-1
141,17896,2-2-1-1
141,17898,2-2-1-1
141,17901,2-2-1-1
141,17903,2-2-1-1
141,17906,2-2-1-1
141,17907,2-2-1-1
141,17908,2-2-1-1
141,17910,2-2-1-1
141,17912,2-2-1-1
141,17916,2-2-1-1
141,17921,2-2-1-1
141,17929,2-2-1-1
141,17933,2-2-1-1
141,17936,2-2-1-1
141,17943,2-2-1-1
141,17944,2-2-1-1
141,17954,2-2-1-1
141,17959,2-2-1-1
141,17962,2-2-1-1
141,17964,2-2-1-1
141,17967,2-2-1-1
141,17972,2-2-1-1
141,17974,2-2-1-1
141,17975,2-2-1-1
141,17982,2-2-1-1
141,17984,2-2-1-1
141,17992,2-2-1-1
141,18002,2-2-1-1
141,18006,2-2-1-1
141,18013,2-2-1-1
141,18016,2-2-1-1
141,18020,2-2-1-1
141,18022,2-2-1-1
141,18023,2-2-1-1
141,18024,2-2-1-1
141,18025,2-2-1-1
141,18026,2-2-1-1
141,18027,2-2-1-1
141,18028,2-2-1-1
141,18030,2-2-1-1
141,18031,2-2-1-1
141,18032,2-2-1-1
141,18038,2-2-1-1
141,18039,2-2-1-1
141,18045,2-2-1-1
141,18048,2-2-1-1
141,18051,2-2-1-1
141,18052,2-2-1-1
141,18055,2-2-1-1
141,18060,2-2-1-1
141,18065,2-2-1-1
141,18069,2-2-1-1
141,18074,2-2-1-1
141,18076,2-2-1-1
141,18079,1-1-1-1
141,18082,2-2-1-1
141,18084,2-2-1-1
141,18089,2-2-1-1
141,18094,2-2-1-1
141,18096,2-2-1-1
141,18100,2-2-1-1
141,18105,2-2-1-1
141,18108,2-2-1-1
141,18113,2-2-1-1
141,18114,2-2-1-1
141,18115,2-2-1-1
141,18123,2-2-1-1
141,18126,2-2-1-1
141,18127,2-2-1-1
141,18130,2-2-1-1
141,18131,2-2-1-1
141,18136,2-2-1-1
141,18137,2-2-1-1
141,18140,2-2-1-1
141,18142,2-2-1-1
141,18143,2-2-1-1
141,18145,2-2-1-1
141,18146,2-2-1-1
141,18149,3-2-1-1
141,18151,2-2-1-1
141,18152,2-2-1-1
141,18157,2-2-1-1
141,18158,2-2-1-1
141,18160,2-2-1-1
141,18170,2-2-1-1
141,18174,2-2-1-1
141,18177,2-2-1-1
141,18186,2-2-1-1
141,18189,2-2-1-1
141,18191,2-2-1-1
141,18198,2-2-1-1
141,18203,2-2-1-1
141,18204,2-2-1-1
141,18210,2-2-1-1
141,18216,2-2-1-1
141,18218,2-2-1-1
141,18219,2-2-1-1
141,18220,2-2-1-1
141,18222,3-2-1-1
141,18229,2-2-1-1
141,18230,2-2-1-1
141,18240,2-2-1-1
141,18242,2-2-1-1
141,18247,2-2-1-1
141,18249,2-2-1-1
141,18252,2-2-1-1
141,18254,2-2-1-1
141,18258,2-2-1-1
141,18259,2-2-1-1
141,18261,2-2-1-1
141,18266,2-2-1-1
141,18268,2-2-1-1
141,18272,2-2-1-1
141,18273,2-2-1-1
141,18279,2-2-1-1
141,18280,2-2-1-1
141,18287,2-2-1-1
141,18288,2-2-1-1
141,18308,2-2-1-1
141,18309,2-2-1-1
141,18311,2-2-1-1
141,18326,2-2-1-1
141,18334,2-2-1-1
141,18335,2-2-1-1
141,18337,2-2-1-1
141,18346,2-2-1-1
141,18355,2-2-1-1
141,18356,2-2-1-1
141,18361,2-2-1-1
141,18368,2-2-1-1
141,18370,2-2-1-1
141,18383,2-2-1-1
141,18384,2-2-1-1
141,18386,1-1-1-1
141,18389,2-2-1-1
141,18402,2-2-1-1
141,18410,2-2-1-1
141,18421,2-2-1-1
141,18437,2-2-1-1
141,18439,2-2-1-1
141,18440,2-2-1-1
141,18443,2-2-1-1
141,18456,2-2-1-1
141,18457,2-2-1-1
141,18459,2-2-1-1
141,18462,2-2-1-1
141,18467,2-2-1-1
141,18468,2-2-1-1
141,18469,2-2-1-1
141,18470,2-2-1-1
141,18472,2-2-1-1
141,18475,2-2-1-1
141,18477,2-2-1-1
141,18480,2-2-1-1
141,18482,2-2-1-1
141,18483,2-2-1-1
141,18487,2-2-1-1
141,18489,2-2-1-1
141,18491,2-2-1-1
141,18495,2-2-1-1
141,18498,2-2-1-1
141,18515,2-2-1-1
141,18521,2-2-1-1
141,18524,2-2-1-1
141,18525,2-2-1-1
141,18527,2-2-1-1
141,18528,2-2-1-1
141,18531,2-2-1-1
141,18534,2-2-1-1
141,18540,2-2-1-1
141,18543,2-2-1-1
141,18551,2-2-1-1
141,18552,2-2-1-1
141,18557,2-2-1-1
141,18558,2-2-1-1
141,18564,2-2-1-1
141,18568,2-2-1-1
141,18575,2-2-1-1
141,18582,2-2-1-1
141,18593,2-2-1-1
141,18595,2-2-1-1
141,18599,2-2-1-1
141,18600,2-2-1-1
141,18602,2-2-1-1
141,18603,2-2-1-1
141,18610,2-2-1-1
141,18615,2-2-1-1
141,18625,2-2-1-1
141,18626,2-2-1-1
141,18639,2-2-1-1
141,18647,2-2-1-1
141,18648,2-2-1-1
141,18651,2-2-1-1
141,18653,2-2-1-1
141,18655,2-2-1-1
141,18667,2-2-1-1
141,18668,2-2-1-1
141,18669,2-2-1-1
141,18670,2-2-1-1
141,18673,2-2-1-1
141,18680,2-2-1-1
141,18681,2-2-1-1
141,18683,2-2-1-1
141,18685,2-2-1-1
141,18690,2-2-1-1
141,18691,2-2-1-1
141,18694,2-2-1-1
141,18705,2-2-1-1
141,18706,2-2-1-1
141,18710,2-2-1-1
141,18714,2-2-1-1
141,18717,2-2-1-1
141,18730,2-2-1-1
141,18732,2-2-1-1
141,18737,2-2-1-1
141,18739,2-2-1-1
141,18743,3-2-1-1
141,18753,2-2-1-1
141,18762,2-2-1-1
141,18764,2-2-1-1
141,18766,2-2-1-1
141,18777,2-2-1-1
141,18778,2-2-1-1
141,18788,2-2-1-1
141,18797,2-2-1-1
141,18800,2-2-1-1
141,18805,2-2-1-1
141,18807,2-2-1-1
141,18813,2-2-1-1
141,18815,2-2-1-1
141,18823,2-2-1-1
141,18826,2-2-1-1
141,18832,2-2-1-1
141,18836,2-2-1-1
141,18846,2-2-1-1
141,18847,2-2-1-1
141,18848,1-1-1-1
141,18851,2-2-1-1
141,18855,2-2-1-1
141,18869,2-2-1-1
141,18874,2-2-1-1
141,18876,2-2-1-1
141,18877,2-2-1-1
141,18882,2-2-1-1
141,18890,3-2-1-1
141,18897,2-2-1-1
141,18898,2-2-1-1
141,18900,2-2-1-1
141,18903,2-2-1-1
141,18908,2-2-1-1
141,18919,2-2-1-1
141,18921,2-2-1-1
141,18922,2-2-1-1
141,18925,2-2-1-1
141,18929,2-2-1-1
141,18930,2-2-1-1
141,18934,2-2-1-1
141,18937,2-2-1-1
141,18939,2-2-1-1
141,18940,2-2-1-1
141,18950,2-2-1-1
141,18956,2-2-1-1
141,18967,2-2-1-1
141,18971,2-2-1-1
141,18975,2-2-1-1
141,18978,2-2-1-1
141,18984,2-2-1-1
141,18985,2-2-1-1
141,18991,2-2-1-1
141,18992,2-2-1-1
141,18995,2-2-1-1
141,19000,2-2-1-1
141,19005,2-2-1-1
141,19014,2-2-1-1
141,19019,2-2-1-1
141,19028,2-2-1-1
141,19031,2-2-1-1
141,19032,2-2-1-1
141,19035,2-2-1-1
141,19039,2-2-1-1
141,19044,2-2-1-1
141,19046,2-2-1-1
141,19048,2-2-1-1
141,19049,2-2-1-1
141,19050,2-2-1-1
141,19056,2-2-1-1
141,19063,2-2-1-1
141,19065,2-2-1-1
141,19066,2-2-1-1
141,19068,2-2-1-1
141,19073,2-2-1-1
141,19093,2-2-1-1
141,19101,2-2-1-1
141,19102,2-2-1-1
141,19105,2-2-1-1
141,19107,2-2-1-1
141,19111,2-2-1-1
141,19112,2-2-1-1
141,19113,2-2-1-1
141,19114,2-2-1-1
141,19117,2-2-1-1
141,19118,2-2-1-1
141,19119,2-2-1-1
141,19123,2-2-1-1
141,19124,2-2-1-1
141,19126,2-2-1-1
141,19132,2-2-1-1
141,19138,2-2-1-1
141,19145,2-2-1-1
141,19147,2-2-1-1
141,19150,2-2-1-1
141,19154,2-2-1-1
141,19155,2-2-1-1
141,19157,2-2-1-1
141,19158,2-2-1-1
141,19165,2-2-1-1
141,19168,2-2-1-1
141,19169,4-1-1-1
141,19170,4-1-1-1
141,19175,2-2-1-1
141,19182,4-1-1-1
141,19187,2-2-1-1
141,19188,2-2-1-1
141,19189,2-2-1-1
141,19191,4-1-1-1
141,19193,4-1-1-1
141,19194,2-2-1-1
141,19197,4-1-1-1
141,19204,4-1-1-1
141,19205,4-1-1-1
141,19206,2-2-1-1
141,19209,2-2-1-1
141,19224,2-2-1-1
141,19233,2-2-1-1
141,19234,2-2-1-1
141,19240,2-2-1-1
141,19244,2-2-1-1
141,19250,2-2-1-1
141,19252,4-1-1-1
141,19258,2-2-1-1
141,19259,2-2-1-1
141,19262,2-2-1-1
141,19267,2-2-1-1
141,19280,2-2-1-1
141,19281,2-2-1-1
141,19282,2-2-1-1
141,19283,2-2-1-1
141,19285,2-2-1-1
141,19287,2-2-1-1
141,19288,2-2-1-1
141,19290,2-2-1-1
141,19294,2-2-1-1
141,19305,3-2-1-1
141,19306,2-2-1-1
141,19313,2-2-1-1
141,19315,2-2-1-1
141,19318,2-2-1-1
141,19320,2-2-1-1
141,19330,2-2-1-1
141,19337,2-2-1-1
141,19345,2-2-1-1
141,19360,2-2-1-1
141,19365,2-2-1-1
141,19367,2-2-1-1
141,19369,2-2-1-1
141,19370,2-2-1-1
141,19378,2-2-1-1
141,19379,2-2-1-1
141,19394,2-2-1-1
141,19395,2-2-1-1
141,19403,2-2-1-1
141,19425,2-2-1-1
141,19427,2-2-1-1
141,19443,2-2-1-1
141,19451,2-2-1-1
141,19457,2-2-1-1
141,19461,4-1-1-1
141,19462,4-1-1-1
141,19463,4-1-1-1
141,19469,2-2-1-1
141,19471,2-2-1-1
141,19472,2-2-1-1
141,19473,2-2-1-1
141,19484,2-2-1-1
141,19486,2-2-1-1
141,19502,2-2-1-1
141,19505,2-2-1-1
141,19507,2-2-1-1
141,19515,2-2-1-1
141,19527,2-2-1-1
141,19539,2-2-1-1
141,19544,2-2-1-1
141,19549,2-2-1-1
141,19556,2-2-1-1
141,19560,2-2-1-1
141,19566,2-2-1-1
141,19572,2-2-1-1
141,19573,2-2-1-1
141,19574,2-2-1-1
141,19578,2-2-1-1
141,19585,2-2-1-1
141,19586,2-2-1-1
141,19588,2-2-1-1
141,19591,2-2-1-1
141,19600,2-2-1-1
141,19604,2-2-1-1
141,19614,2-2-1-1
141,19620,2-2-1-1
141,19624,2-2-1-1
141,19630,2-2-1-1
141,19633,2-2-1-1
141,19646,2-2-1-1
141,19648,2-2-1-1
141,19650,2-2-1-1
141,19661,2-2-1-1
141,19662,2-2-1-1
141,19665,2-2-1-1
141,19666,2-2-1-1
141,19670,2-2-1-1
141,19671,2-2-1-1
141,19679,2-2-1-1
141,19690,2-2-1-1
141,19692,2-2-1-1
141,19693,2-2-1-1
141,19699,2-2-1-1
141,19706,2-2-1-1
141,19711,2-2-1-1
141,19720,2-2-1-1
141,19721,2-2-1-1
141,19729,2-2-1-1
141,19731,2-2-1-1
141,19732,2-2-1-1
141,19733,2-2-1-1
141,19735,3-2-1-1
141,19739,2-2-1-1
141,19748,2-2-1-1
141,19750,2-2-1-1
141,19751,3-2-1-1
141,19752,2-2-1-1
141,19753,4-1-1-1
141,19757,2-2-1-1
141,19758,2-2-1-1
141,19765,2-2-1-1
141,19773,2-2-1-1
141,19776,2-2-1-1
141,19778,2-2-1-1
141,19780,2-2-1-1
141,19784,2-2-1-1
141,19793,2-2-1-1
141,19794,2-2-1-1
141,19799,2-2-1-1
141,19801,2-2-1-1
141,19811,2-2-1-1
141,19812,2-2-1-1
141,19813,1-1-1-1
141,19816,3-2-1-1
141,19817,2-2-1-1
141,19818,2-2-1-1
141,19827,2-2-1-1
141,19829,2-2-1-1
141,19835,2-2-1-1
141,19839,2-2-1-1
141,19842,2-2-1-1
141,19847,2-2-1-1
141,19861,2-2-1-1
141,19873,2-2-1-1
141,19874,2-2-1-1
141,19876,2-2-1-1
141,19880,2-2-1-1
141,19887,2-2-1-1
141,19892,2-2-1-1
141,19899,2-2-1-1
141,19906,2-2-1-1
141,19920,2-2-1-1
141,19929,2-2-1-1
141,19937,2-2-1-1
141,19943,3-2-1-1
141,19947,2-2-1-1
141,19948,2-2-1-1
141,19949,2-2-1-1
141,19951,2-2-1-1
141,19954,2-2-1-1
141,19955,2-2-1-1
141,19974,2-2-1-1
141,19978,2-2-1-1
141,19987,2-2-1-1
141,19989,2-2-1-1
141,19999,2-2-1-1
141,20003,2-2-1-1
141,20012,2-2-1-1
141,20015,2-2-1-1
141,20016,2-2-1-1
141,20022,3-2-1-1
141,20023,2-2-1-1
141,20028,4-1-1-1
141,20029,2-2-1-1
141,20030,2-2-1-1
141,20032,2-2-1-1
141,20034,2-2-1-1
141,20036,2-2-1-1
141,20041,2-2-1-1
141,20044,2-2-1-1
141,20045,2-2-1-1
141,20051,2-2-1-1
141,20052,3-2-1-1
141,20053,2-2-1-1
141,20058,2-2-1-1
141,20064,2-2-1-1
141,20069,2-2-1-1
141,20073,2-2-1-1
141,20074,2-2-1-1
141,20090,2-2-1-1
141,20091,2-2-1-1
141,20095,2-2-1-1
141,20097,2-2-1-1
141,20100,2-2-1-1
141,20103,2-2-1-1
141,20107,2-2-1-1
141,20108,2-2-1-1
141,20113,1-1-1-1
141,20115,2-2-1-1
141,20116,2-2-1-1
141,20117,2-2-1-1
141,20133,4-1-1-1
141,20140,2-2-1-1
141,20145,2-2-1-1
141,20148,2-2-1-1
141,20157,2-2-1-1
141,20159,2-2-1-1
141,20160,2-2-1-1
141,20165,2-2-1-1
141,20169,2-2-1-1
141,20170,2-2-1-1
141,20171,2-2-1-1
141,20173,2-2-1-1
141,20174,2-2-1-1
141,20176,2-2-1-1
141,20177,2-2-1-1
141,20183,2-2-1-1
141,20185,2-2-1-1
141,20187,2-2-1-1
141,20199,2-2-1-1
141,20209,2-2-1-1
141,20210,2-2-1-1
141,20211,2-2-1-1
141,20213,2-2-1-1
141,20220,2-2-1-1
141,20226,2-2-1-1
141,20229,2-2-1-1
141,20234,2-2-1-1
141,20235,2-2-1-1
141,20238,2-2-1-1
141,20243,2-2-1-1
141,20245,2-2-1-1
141,20265,2-2-1-1
141,20271,2-2-1-1
141,20280,2-2-1-1
141,20281,2-2-1-1
141,20285,2-2-1-1
141,20290,2-2-1-1
141,20292,2-2-1-1
141,20298,2-2-1-1
141,20301,2-2-1-1
141,20309,2-2-1-1
141,20313,2-2-1-1
141,20320,2-2-1-1
141,20321,2-2-1-1
141,20327,2-2-1-1
141,20329,2-2-1-1
141,20331,2-2-1-1
141,20332,2-2-1-1
141,20337,2-2-1-1
141,20340,2-2-1-1
141,20348,2-2-1-1
141,20355,2-2-1-1
141,20357,2-2-1-1
141,20358,2-2-1-1
141,20360,2-2-1-1
141,20361,3-2-1-1
141,20374,2-2-1-1
141,20375,2-2-1-1
141,20377,2-2-1-1
141,20380,2-2-1-1
141,20381,2-2-1-1
141,20385,2-2-1-1
141,20392,2-2-1-1
141,20396,2-2-1-1
141,20397,2-2-1-1
141,20400,2-2-1-1
141,20402,2-2-1-1
141,20407,2-2-1-1
141,20412,2-2-1-1
141,20414,2-2-1-1
141,20415,2-2-1-1
141,20418,2-2-1-1
141,20421,2-2-1-1
141,20422,2-2-1-1
141,20425,2-2-1-1
141,20431,2-2-1-1
141,20434,2-2-1-1
141,20435,2-2-1-1
141,20441,2-2-1-1
141,20446,2-2-1-1
141,20458,2-2-1-1
141,20463,2-2-1-1
141,20476,2-2-1-1
141,20487,2-2-1-1
141,20490,2-2-1-1
141,20492,2-2-1-1
141,20496,2-2-1-1
141,20501,2-2-1-1
141,20506,2-2-1-1
141,20507,2-2-1-1
141,20525,2-2-1-1
141,20526,2-2-1-1
141,20531,2-2-1-1
141,20554,2-2-1-1
141,20558,2-2-1-1
141,20560,2-2-1-1
141,20562,2-2-1-1
141,20564,2-2-1-1
141,20566,2-2-1-1
141,20570,1-1-1-1
141,20572,2-2-1-1
141,20574,2-2-1-1
141,20576,2-2-1-1
141,20577,2-2-1-1
141,20592,2-2-1-1
141,20593,2-2-1-1
141,20595,2-2-1-1
141,20598,2-2-1-1
141,20599,2-2-1-1
141,20606,2-2-1-1
141,20611,2-2-1-1
141,20618,2-2-1-1
141,20633,2-2-1-1
141,20639,2-2-1-1
141,20646,2-2-1-1
141,20656,2-2-1-1
141,20681,2-2-1-1
141,20682,2-2-1-1
141,20685,2-2-1-1
141,20686,2-2-1-1
141,20689,2-2-1-1
141,20690,2-2-1-1
141,20692,2-2-1-1
141,20698,2-2-1-1
141,20699,2-2-1-1
141,20704,2-2-1-1
141,20705,2-2-1-1
141,20707,2-2-1-1
141,20710,2-2-1-1
141,20718,2-2-1-1
141,20719,2-2-1-1
141,20721,2-2-1-1
141,20723,2-2-1-1
141,20724,2-2-1-1
141,20727,2-2-1-1
141,20728,2-2-1-1
141,20731,2-2-1-1
141,20733,2-2-1-1
141,20742,2-2-1-1
141,20749,2-2-1-1
141,20751,2-2-1-1
141,20753,2-2-1-1
141,20758,2-2-1-1
141,20759,2-2-1-1
141,20761,2-2-1-1
141,20762,2-2-1-1
141,20774,2-2-1-1
141,20776,2-2-1-1
141,20787,2-2-1-1
141,20791,2-2-1-1
141,20793,2-2-1-1
141,20797,2-2-1-1
141,20801,2-2-1-1
141,20806,2-2-1-1
141,20840,2-2-1-1
141,20861,3-2-1-1
141,20869,2-2-1-1
141,20872,2-2-1-1
141,20874,2-2-1-1
141,20882,2-2-1-1
141,20899,2-2-1-1
141,20901,2-2-1-1
141,20903,3-2-1-1
141,20906,2-2-1-1
141,20913,2-2-1-1
141,20922,2-2-1-1
141,20929,3-2-1-1
141,20935,2-2-1-1
141,20947,4-1-1-1
141,20988,2-2-1-1
141,20991,2-2-1-1
141,20992,4-1-1-1
141,21012,2-2-1-1
141,21025,2-2-1-1
141,21055,2-2-1-1
141,21064,2-2-1-1
141,21076,3-2-1-1
141,21080,4-1-1-1
141,21091,3-2-1-1
141,21096,4-1-1-1
141,21103,2-2-1-1
141,21106,2-2-1-1
141,21107,2-2-1-1
141,21109,2-2-1-1
141,21120,2-2-1-1
141,21137,2-2-1-1
141,21138,2-2-1-1
141,21142,2-2-1-1
141,21143,2-2-1-1
141,21148,2-2-1-1
141,21153,2-2-1-1
141,21156,4-1-1-1
141,21157,4-1-1-1
141,21158,4-1-1-1
141,21164,2-2-1-1
141,21165,2-2-1-1
141,21173,2-2-1-1
141,21176,2-2-1-1
141,21178,2-2-1-1
141,21193,2-2-1-1
141,21206,2-2-1-1
141,21207,2-2-1-1
141,21213,2-2-1-1
141,21216,2-2-1-1
141,21224,2-2-1-1
141,21242,2-2-1-1
141,21243,2-2-1-1
141,21246,2-2-1-1
141,21253,2-2-1-1
141,21261,1-1-1-1
